category,category_id,variant_id,stored_count,attempt_count,success_count,failure_count,attempt_step_sum,success_step_sum,failure_step_sum,attempt_step_max,num_copies,object_id,z_shift,table_size_x,table_size_y,table_size_z,object_mass,target_count,missing_to_target,complete_32,success_rate,stored_rate,mean_attempt_steps,mean_success_steps,mean_failure_steps,attempt_steps_per_stored,attempt_steps_per_success,stored_per_1k_attempt_steps,success_per_1k_attempt_steps,copies_with_stored,max_copy_stored,min_copy_stored,mean_copy_stored,copies_with_attempts
far_recovery,2,0,0,0,0,0,0,0,0,0,4,7,0.7030526399612427,0.5478236079216003,1.0880918502807617,0.05000000074505806,0.4221998155117035,32,32,False,,,,,,inf,inf,0.0,0.0,0,0,0,0.0,0
far_recovery,2,1,0,0,0,0,0,0,0,0,4,31,0.5117243528366089,0.6993427276611328,0.9032682180404663,0.05000000074505806,0.757331132888794,32,32,False,,,,,,inf,inf,0.0,0.0,0,0,0,0.0,0
far_recovery,2,2,0,0,0,0,0,0,0,0,4,25,0.5612276792526245,0.697519063949585,0.698340892791748,0.05000000074505806,0.2660558223724365,32,32,False,,,,,,inf,inf,0.0,0.0,0,0,0,0.0,0
far_recovery,2,3,0,0,0,0,0,0,0,0,4,2,0.6938737630844116,0.6499868631362915,0.992746889591217,0.05000000074505806,0.7767549157142639,32,32,False,,,,,,inf,inf,0.0,0.0,0,0,0,0.0,0
far_recovery,2,4,0,0,0,0,0,0,0,0,4,24,0.4117126166820526,0.5067141056060791,0.7989126443862915,0.05000000074505806,0.5834188461303711,32,32,False,,,,,,inf,inf,0.0,0.0,0,0,0,0.0,0
far_recovery,2,5,0,0,0,0,0,0,0,0,4,29,0.7199434638023376,0.6690632700920105,0.7295529842376709,0.05000000074505806,0.2454921305179596,32,32,False,,,,,,inf,inf,0.0,0.0,0,0,0,0.0,0
far_recovery,2,6,0,0,0,0,0,0,0,0,4,13,0.5588549375534058,0.688883900642395,1.1273868083953857,0.05000000074505806,0.36971157789230347,32,32,False,,,,,,inf,inf,0.0,0.0,0,0,0,0.0,0
far_recovery,2,7,0,0,0,0,0,0,0,0,4,24,0.701748788356781,0.5165789127349854,1.1374433040618896,0.05000000074505806,0.543077290058136,32,32,False,,,,,,inf,inf,0.0,0.0,0,0,0,0.0,0
far_recovery,2,8,0,0,0,0,0,0,0,0,4,21,0.627803385257721,0.523331880569458,1.1593985557556152,0.05000000074505806,0.6740430593490601,32,32,False,,,,,,inf,inf,0.0,0.0,0,0,0,0.0,0
far_recovery,2,9,0,0,0,0,0,0,0,0,4,24,0.5755111575126648,0.6865677833557129,1.1152279376983643,0.05000000074505806,0.4376000165939331,32,32,False,,,,,,inf,inf,0.0,0.0,0,0,0,0.0,0
far_recovery,2,10,0,0,0,0,0,0,0,0,4,7,0.6554721593856812,0.5808143615722656,0.9260730743408203,0.05000000074505806,0.7037579417228699,32,32,False,,,,,,inf,inf,0.0,0.0,0,0,0,0.0,0
far_recovery,2,11,0,0,0,0,0,0,0,0,4,20,0.6098663806915283,0.6563345789909363,0.9172977805137634,0.05000000074505806,0.6353384852409363,32,32,False,,,,,,inf,inf,0.0,0.0,0,0,0,0.0,0
far_recovery,2,12,0,0,0,0,0,0,0,0,4,4,0.6730456352233887,0.5578455924987793,1.1897971630096436,0.05000000074505806,0.6804952025413513,32,32,False,,,,,,inf,inf,0.0,0.0,0,0,0,0.0,0
far_recovery,2,13,0,0,0,0,0,0,0,0,4,26,0.5220597982406616,0.5719878673553467,0.9819066524505615,0.05000000074505806,0.4721009135246277,32,32,False,,,,,,inf,inf,0.0,0.0,0,0,0,0.0,0
far_recovery,2,14,0,0,0,0,0,0,0,0,4,24,0.5854182243347168,0.5334208011627197,0.6944478750228882,0.05000000074505806,0.4331449866294861,32,32,False,,,,,,inf,inf,0.0,0.0,0,0,0,0.0,0
far_recovery,2,15,0,0,0,0,0,0,0,0,4,21,0.5819945335388184,0.6278020143508911,0.7707028985023499,0.05000000074505806,0.2712421417236328,32,32,False,,,,,,inf,inf,0.0,0.0,0,0,0,0.0,0
far_recovery,2,16,0,0,0,0,0,0,0,0,4,8,0.6289888024330139,0.6699566841125488,0.9495506286621094,0.05000000074505806,0.20277051627635956,32,32,False,,,,,,inf,inf,0.0,0.0,0,0,0,0.0,0
far_recovery,2,17,0,0,0,0,0,0,0,0,4,17,0.5992010235786438,0.5728612542152405,0.8211283087730408,0.05000000074505806,0.3075229823589325,32,32,False,,,,,,inf,inf,0.0,0.0,0,0,0,0.0,0
far_recovery,2,18,0,0,0,0,0,0,0,0,4,15,0.7748333215713501,0.6703917384147644,1.1390502452850342,0.05000000074505806,0.3453517556190491,32,32,False,,,,,,inf,inf,0.0,0.0,0,0,0,0.0,0
far_recovery,2,19,0,0,0,0,0,0,0,0,4,14,0.6622380018234253,0.5893169045448303,0.9704196453094482,0.05000000074505806,0.5495393872261047,32,32,False,,,,,,inf,inf,0.0,0.0,0,0,0,0.0,0
far_recovery,2,20,0,0,0,0,0,0,0,0,4,20,0.5255187749862671,0.6657525897026062,0.8666477203369141,0.05000000074505806,0.7052782773971558,32,32,False,,,,,,inf,inf,0.0,0.0,0,0,0,0.0,0
far_recovery,2,21,0,0,0,0,0,0,0,0,4,15,0.47920775413513184,0.5145071148872375,1.1167681217193604,0.05000000074505806,0.46251481771469116,32,32,False,,,,,,inf,inf,0.0,0.0,0,0,0,0.0,0
far_recovery,2,22,0,0,0,0,0,0,0,0,4,25,0.5664768815040588,0.5975950956344604,0.6553056240081787,0.05000000074505806,0.4344223737716675,32,32,False,,,,,,inf,inf,0.0,0.0,0,0,0,0.0,0
far_recovery,2,23,0,0,0,0,0,0,0,0,4,0,0.513731837272644,0.6057800650596619,1.0351035594940186,0.05000000074505806,0.4180282950401306,32,32,False,,,,,,inf,inf,0.0,0.0,0,0,0,0.0,0
far_recovery,2,24,0,0,0,0,0,0,0,0,4,12,0.5359103083610535,0.6085019111633301,1.022908091545105,0.05000000074505806,0.7703824639320374,32,32,False,,,,,,inf,inf,0.0,0.0,0,0,0,0.0,0
far_recovery,2,25,0,0,0,0,0,0,0,0,4,11,0.6095763444900513,0.6734923720359802,0.846439003944397,0.05000000074505806,0.6999205350875854,32,32,False,,,,,,inf,inf,0.0,0.0,0,0,0,0.0,0
far_recovery,2,26,0,0,0,0,0,0,0,0,4,8,0.7192255258560181,0.6332253217697144,0.792133629322052,0.05000000074505806,0.2396012842655182,32,32,False,,,,,,inf,inf,0.0,0.0,0,0,0,0.0,0
far_recovery,2,27,0,0,0,0,0,0,0,0,4,21,0.708707332611084,0.507932722568512,0.6058072447776794,0.05000000074505806,0.6690700650215149,32,32,False,,,,,,inf,inf,0.0,0.0,0,0,0,0.0,0
far_recovery,2,28,0,0,0,0,0,0,0,0,4,28,0.4044898450374603,0.612485408782959,0.9241806268692017,0.05000000074505806,0.43934136629104614,32,32,False,,,,,,inf,inf,0.0,0.0,0,0,0,0.0,0
far_recovery,2,29,0,0,0,0,0,0,0,0,4,10,0.7239841222763062,0.6149757504463196,0.8445947170257568,0.05000000074505806,0.32147789001464844,32,32,False,,,,,,inf,inf,0.0,0.0,0,0,0,0.0,0
far_recovery,2,30,0,0,0,0,0,0,0,0,4,14,0.6558728218078613,0.6892956495285034,0.6804870367050171,0.05000000074505806,0.6180611848831177,32,32,False,,,,,,inf,inf,0.0,0.0,0,0,0,0.0,0
far_recovery,2,31,0,0,0,0,0,0,0,0,4,17,0.7897111177444458,0.6397329568862915,0.9769071936607361,0.05000000074505806,0.669055163860321,32,32,False,,,,,,inf,inf,0.0,0.0,0,0,0,0.0,0
far_recovery,2,32,0,0,0,0,0,0,0,0,4,9,0.7320119738578796,0.5130985379219055,1.1402060985565186,0.05000000074505806,0.7901514172554016,32,32,False,,,,,,inf,inf,0.0,0.0,0,0,0,0.0,0
far_recovery,2,33,0,0,0,0,0,0,0,0,4,6,0.41777247190475464,0.6912004351615906,1.0399672985076904,0.05000000074505806,0.5033276677131653,32,32,False,,,,,,inf,inf,0.0,0.0,0,0,0,0.0,0
far_recovery,2,34,0,0,0,0,0,0,0,0,4,31,0.40983831882476807,0.621638298034668,0.8323392271995544,0.05000000074505806,0.6206595301628113,32,32,False,,,,,,inf,inf,0.0,0.0,0,0,0,0.0,0
far_recovery,2,35,0,0,0,0,0,0,0,0,4,7,0.5035336017608643,0.612143874168396,1.188281774520874,0.05000000074505806,0.5234368443489075,32,32,False,,,,,,inf,inf,0.0,0.0,0,0,0,0.0,0
far_recovery,2,36,0,0,0,0,0,0,0,0,4,31,0.7756223678588867,0.6908503770828247,1.1813440322875977,0.05000000074505806,0.7282410860061646,32,32,False,,,,,,inf,inf,0.0,0.0,0,0,0,0.0,0
far_recovery,2,37,0,0,0,0,0,0,0,0,4,2,0.56668621301651,0.5438715219497681,0.7366193532943726,0.05000000074505806,0.2923039197921753,32,32,False,,,,,,inf,inf,0.0,0.0,0,0,0,0.0,0
far_recovery,2,38,0,0,0,0,0,0,0,0,4,31,0.6855919361114502,0.5482820868492126,0.8185995817184448,0.05000000074505806,0.2051980197429657,32,32,False,,,,,,inf,inf,0.0,0.0,0,0,0,0.0,0
far_recovery,2,39,0,0,0,0,0,0,0,0,4,16,0.5070577263832092,0.6875045299530029,0.8798270225524902,0.05000000074505806,0.5893375873565674,32,32,False,,,,,,inf,inf,0.0,0.0,0,0,0,0.0,0
far_recovery,2,40,0,0,0,0,0,0,0,0,4,22,0.7962436079978943,0.5224596261978149,0.6040758490562439,0.05000000074505806,0.5446690320968628,32,32,False,,,,,,inf,inf,0.0,0.0,0,0,0,0.0,0
far_recovery,2,41,0,0,0,0,0,0,0,0,4,8,0.515380322933197,0.619928240776062,0.77894127368927,0.05000000074505806,0.617504358291626,32,32,False,,,,,,inf,inf,0.0,0.0,0,0,0,0.0,0
far_recovery,2,42,0,0,0,0,0,0,0,0,4,20,0.7499849796295166,0.6284818649291992,0.9150292277336121,0.05000000074505806,0.6701646447181702,32,32,False,,,,,,inf,inf,0.0,0.0,0,0,0,0.0,0
far_recovery,2,43,0,0,0,0,0,0,0,0,4,0,0.6023683547973633,0.650766909122467,0.7724185585975647,0.05000000074505806,0.43461695313453674,32,32,False,,,,,,inf,inf,0.0,0.0,0,0,0,0.0,0
far_recovery,2,44,0,0,0,0,0,0,0,0,4,22,0.49463653564453125,0.5318028330802917,0.7438853979110718,0.05000000074505806,0.26241040229797363,32,32,False,,,,,,inf,inf,0.0,0.0,0,0,0,0.0,0
far_recovery,2,45,0,0,0,0,0,0,0,0,4,18,0.7028030157089233,0.6614553928375244,0.8963267803192139,0.05000000074505806,0.3999272882938385,32,32,False,,,,,,inf,inf,0.0,0.0,0,0,0,0.0,0
far_recovery,2,46,0,0,0,0,0,0,0,0,4,22,0.493835985660553,0.5960052013397217,0.7987180948257446,0.05000000074505806,0.48362940549850464,32,32,False,,,,,,inf,inf,0.0,0.0,0,0,0,0.0,0
far_recovery,2,47,0,0,0,0,0,0,0,0,4,16,0.6588209867477417,0.5815162658691406,0.9721779227256775,0.05000000074505806,0.27858221530914307,32,32,False,,,,,,inf,inf,0.0,0.0,0,0,0,0.0,0
far_recovery,2,48,0,0,0,0,0,0,0,0,4,22,0.542248547077179,0.5298731923103333,0.7502112984657288,0.05000000074505806,0.5531107783317566,32,32,False,,,,,,inf,inf,0.0,0.0,0,0,0,0.0,0
far_recovery,2,49,0,0,0,0,0,0,0,0,4,11,0.5780731439590454,0.5001150965690613,1.044979214668274,0.05000000074505806,0.6899608373641968,32,32,False,,,,,,inf,inf,0.0,0.0,0,0,0,0.0,0
far_recovery,2,50,0,0,0,0,0,0,0,0,4,31,0.4077223837375641,0.6755678653717041,0.9237488508224487,0.05000000074505806,0.450089693069458,32,32,False,,,,,,inf,inf,0.0,0.0,0,0,0,0.0,0
far_recovery,2,51,0,0,0,0,0,0,0,0,4,9,0.5046436786651611,0.53985595703125,1.0494203567504883,0.05000000074505806,0.6166551113128662,32,32,False,,,,,,inf,inf,0.0,0.0,0,0,0,0.0,0
far_recovery,2,52,0,0,0,0,0,0,0,0,4,28,0.7085268497467041,0.6747312545776367,0.7372907996177673,0.05000000074505806,0.6432989239692688,32,32,False,,,,,,inf,inf,0.0,0.0,0,0,0,0.0,0
far_recovery,2,53,0,0,0,0,0,0,0,0,4,12,0.5513845682144165,0.5279841423034668,1.1443356275558472,0.05000000074505806,0.7891708016395569,32,32,False,,,,,,inf,inf,0.0,0.0,0,0,0,0.0,0
far_recovery,2,54,0,0,0,0,0,0,0,0,4,0,0.7992099523544312,0.6244072914123535,0.9069404602050781,0.05000000074505806,0.49514758586883545,32,32,False,,,,,,inf,inf,0.0,0.0,0,0,0,0.0,0
far_recovery,2,55,0,0,0,0,0,0,0,0,4,30,0.7603176832199097,0.6603463888168335,1.077627182006836,0.05000000074505806,0.45402729511260986,32,32,False,,,,,,inf,inf,0.0,0.0,0,0,0,0.0,0
far_recovery,2,56,0,0,0,0,0,0,0,0,4,15,0.5906352996826172,0.616001307964325,1.1718047857284546,0.05000000074505806,0.5292272567749023,32,32,False,,,,,,inf,inf,0.0,0.0,0,0,0,0.0,0
far_recovery,2,57,0,0,0,0,0,0,0,0,4,8,0.466503381729126,0.6996256709098816,0.7035068869590759,0.05000000074505806,0.3819565176963806,32,32,False,,,,,,inf,inf,0.0,0.0,0,0,0,0.0,0
far_recovery,2,58,0,0,0,0,0,0,0,0,4,23,0.721792459487915,0.5952844619750977,0.9780389070510864,0.05000000074505806,0.7324175834655762,32,32,False,,,,,,inf,inf,0.0,0.0,0,0,0,0.0,0
far_recovery,2,59,0,0,0,0,0,0,0,0,4,17,0.6620714664459229,0.5428054928779602,1.0373120307922363,0.05000000074505806,0.5204052329063416,32,32,False,,,,,,inf,inf,0.0,0.0,0,0,0,0.0,0
far_recovery,2,60,0,0,0,0,0,0,0,0,4,20,0.47071605920791626,0.588868260383606,0.6014170050621033,0.05000000074505806,0.2497314214706421,32,32,False,,,,,,inf,inf,0.0,0.0,0,0,0,0.0,0
far_recovery,2,61,0,0,0,0,0,0,0,0,4,12,0.7299089431762695,0.5630187392234802,0.7400937676429749,0.05000000074505806,0.30819541215896606,32,32,False,,,,,,inf,inf,0.0,0.0,0,0,0,0.0,0
far_recovery,2,62,0,0,0,0,0,0,0,0,4,1,0.721420407295227,0.5493241548538208,1.100419521331787,0.05000000074505806,0.3749186396598816,32,32,False,,,,,,inf,inf,0.0,0.0,0,0,0,0.0,0
far_recovery,2,63,0,0,0,0,0,0,0,0,4,11,0.777379035949707,0.5349113345146179,0.6580625772476196,0.05000000074505806,0.5404224991798401,32,32,False,,,,,,inf,inf,0.0,0.0,0,0,0,0.0,0
far_recovery,2,64,0,0,0,0,0,0,0,0,4,18,0.4878880977630615,0.6312982439994812,1.1829928159713745,0.05000000074505806,0.4652416706085205,32,32,False,,,,,,inf,inf,0.0,0.0,0,0,0,0.0,0
far_recovery,2,65,0,0,0,0,0,0,0,0,4,16,0.5670788288116455,0.5701323747634888,0.813694417476654,0.05000000074505806,0.6632983684539795,32,32,False,,,,,,inf,inf,0.0,0.0,0,0,0,0.0,0
far_recovery,2,66,0,0,0,0,0,0,0,0,4,29,0.596125602722168,0.6999348998069763,0.8967463970184326,0.05000000074505806,0.7301435470581055,32,32,False,,,,,,inf,inf,0.0,0.0,0,0,0,0.0,0
far_recovery,2,67,0,0,0,0,0,0,0,0,4,1,0.6292114853858948,0.5316832661628723,1.086637258529663,0.05000000074505806,0.44788843393325806,32,32,False,,,,,,inf,inf,0.0,0.0,0,0,0,0.0,0
far_recovery,2,68,0,0,0,0,0,0,0,0,4,7,0.44821634888648987,0.6645144820213318,0.8683730363845825,0.05000000074505806,0.4845377206802368,32,32,False,,,,,,inf,inf,0.0,0.0,0,0,0,0.0,0
far_recovery,2,69,0,0,0,0,0,0,0,0,4,31,0.45807552337646484,0.6327646970748901,0.8970627188682556,0.05000000074505806,0.7737762928009033,32,32,False,,,,,,inf,inf,0.0,0.0,0,0,0,0.0,0
far_recovery,2,70,0,0,0,0,0,0,0,0,4,3,0.7088009119033813,0.6238475441932678,0.7290260195732117,0.05000000074505806,0.4499025344848633,32,32,False,,,,,,inf,inf,0.0,0.0,0,0,0,0.0,0
far_recovery,2,71,0,0,0,0,0,0,0,0,4,0,0.5531015992164612,0.577894926071167,0.6861429214477539,0.05000000074505806,0.6821046471595764,32,32,False,,,,,,inf,inf,0.0,0.0,0,0,0,0.0,0
far_recovery,2,72,0,0,0,0,0,0,0,0,4,16,0.6976946592330933,0.6157376170158386,1.193749189376831,0.05000000074505806,0.30304083228111267,32,32,False,,,,,,inf,inf,0.0,0.0,0,0,0,0.0,0
far_recovery,2,73,0,0,0,0,0,0,0,0,4,27,0.6114019751548767,0.5994147658348083,0.6819665431976318,0.05000000074505806,0.5119144320487976,32,32,False,,,,,,inf,inf,0.0,0.0,0,0,0,0.0,0
far_recovery,2,74,0,0,0,0,0,0,0,0,4,28,0.6656689643859863,0.5836976766586304,0.6839858293533325,0.05000000074505806,0.6784753799438477,32,32,False,,,,,,inf,inf,0.0,0.0,0,0,0,0.0,0
far_recovery,2,75,0,0,0,0,0,0,0,0,4,5,0.6439777612686157,0.6719717979431152,1.0716527700424194,0.05000000074505806,0.23479394614696503,32,32,False,,,,,,inf,inf,0.0,0.0,0,0,0,0.0,0
far_recovery,2,76,0,0,0,0,0,0,0,0,4,10,0.6727198958396912,0.5755541324615479,1.1990771293640137,0.05000000074505806,0.2950930595397949,32,32,False,,,,,,inf,inf,0.0,0.0,0,0,0,0.0,0
far_recovery,2,77,0,0,0,0,0,0,0,0,4,21,0.6991421580314636,0.5101885199546814,0.8973658680915833,0.05000000074505806,0.4217384457588196,32,32,False,,,,,,inf,inf,0.0,0.0,0,0,0,0.0,0
far_recovery,2,78,0,0,0,0,0,0,0,0,4,14,0.41477760672569275,0.5628497004508972,0.8674351572990417,0.05000000074505806,0.26303717494010925,32,32,False,,,,,,inf,inf,0.0,0.0,0,0,0,0.0,0
far_recovery,2,79,0,0,0,0,0,0,0,0,4,16,0.7006703019142151,0.6307946443557739,0.6917995810508728,0.05000000074505806,0.7853354215621948,32,32,False,,,,,,inf,inf,0.0,0.0,0,0,0,0.0,0
far_recovery,2,80,0,0,0,0,0,0,0,0,4,22,0.4593753516674042,0.675347626209259,0.7063220739364624,0.05000000074505806,0.5108547210693359,32,32,False,,,,,,inf,inf,0.0,0.0,0,0,0,0.0,0
far_recovery,2,81,0,0,0,0,0,0,0,0,4,14,0.4490981996059418,0.6096179485321045,0.9007235765457153,0.05000000074505806,0.6147461533546448,32,32,False,,,,,,inf,inf,0.0,0.0,0,0,0,0.0,0
far_recovery,2,82,0,0,0,0,0,0,0,0,4,15,0.6121628880500793,0.59400475025177,0.9484989643096924,0.05000000074505806,0.2050575464963913,32,32,False,,,,,,inf,inf,0.0,0.0,0,0,0,0.0,0
far_recovery,2,83,0,0,0,0,0,0,0,0,4,28,0.5659185647964478,0.6329828500747681,0.990639865398407,0.05000000074505806,0.300567090511322,32,32,False,,,,,,inf,inf,0.0,0.0,0,0,0,0.0,0
far_recovery,2,84,0,0,0,0,0,0,0,0,4,27,0.717464804649353,0.6530860066413879,0.8385199308395386,0.05000000074505806,0.40543219447135925,32,32,False,,,,,,inf,inf,0.0,0.0,0,0,0,0.0,0
far_recovery,2,85,0,0,0,0,0,0,0,0,4,17,0.48417288064956665,0.5007628798484802,0.870218813419342,0.05000000074505806,0.46590274572372437,32,32,False,,,,,,inf,inf,0.0,0.0,0,0,0,0.0,0
far_recovery,2,86,0,0,0,0,0,0,0,0,4,7,0.4222036302089691,0.6689571142196655,0.9038999080657959,0.05000000074505806,0.25196951627731323,32,32,False,,,,,,inf,inf,0.0,0.0,0,0,0,0.0,0
far_recovery,2,87,0,0,0,0,0,0,0,0,4,19,0.745553731918335,0.5227003693580627,0.6728249192237854,0.05000000074505806,0.5623198747634888,32,32,False,,,,,,inf,inf,0.0,0.0,0,0,0,0.0,0
far_recovery,2,88,0,0,0,0,0,0,0,0,4,1,0.5703436136245728,0.5129101872444153,0.7812922596931458,0.05000000074505806,0.643780529499054,32,32,False,,,,,,inf,inf,0.0,0.0,0,0,0,0.0,0
far_recovery,2,89,0,0,0,0,0,0,0,0,4,27,0.7124914526939392,0.6546854972839355,0.6375778913497925,0.05000000074505806,0.20993433892726898,32,32,False,,,,,,inf,inf,0.0,0.0,0,0,0,0.0,0
far_recovery,2,90,0,0,0,0,0,0,0,0,4,6,0.6642969250679016,0.6120895743370056,1.1753408908843994,0.05000000074505806,0.28060367703437805,32,32,False,,,,,,inf,inf,0.0,0.0,0,0,0,0.0,0
far_recovery,2,91,0,0,0,0,0,0,0,0,4,1,0.45002493262290955,0.642465353012085,0.8740710616111755,0.05000000074505806,0.5255367755889893,32,32,False,,,,,,inf,inf,0.0,0.0,0,0,0,0.0,0
far_recovery,2,92,0,0,0,0,0,0,0,0,4,15,0.6401796340942383,0.5897925496101379,0.7237135767936707,0.05000000074505806,0.5106331706047058,32,32,False,,,,,,inf,inf,0.0,0.0,0,0,0,0.0,0
far_recovery,2,93,0,0,0,0,0,0,0,0,4,2,0.6480393409729004,0.5470685362815857,0.975016713142395,0.05000000074505806,0.304395854473114,32,32,False,,,,,,inf,inf,0.0,0.0,0,0,0,0.0,0
far_recovery,2,94,0,0,0,0,0,0,0,0,4,4,0.46608829498291016,0.5222208499908447,0.6817383170127869,0.05000000074505806,0.7041854858398438,32,32,False,,,,,,inf,inf,0.0,0.0,0,0,0,0.0,0
far_recovery,2,95,0,0,0,0,0,0,0,0,4,16,0.5051055550575256,0.5941507816314697,0.8066318035125732,0.05000000074505806,0.442355751991272,32,32,False,,,,,,inf,inf,0.0,0.0,0,0,0,0.0,0
far_recovery,2,96,0,0,0,0,0,0,0,0,4,0,0.6681951284408569,0.6448301076889038,0.8005337119102478,0.05000000074505806,0.6719560027122498,32,32,False,,,,,,inf,inf,0.0,0.0,0,0,0,0.0,0
far_recovery,2,97,0,0,0,0,0,0,0,0,4,27,0.6358245015144348,0.5849543213844299,0.7079253792762756,0.05000000074505806,0.27384164929389954,32,32,False,,,,,,inf,inf,0.0,0.0,0,0,0,0.0,0
far_recovery,2,98,0,0,0,0,0,0,0,0,4,15,0.514925479888916,0.534026563167572,0.936305046081543,0.05000000074505806,0.4391719400882721,32,32,False,,,,,,inf,inf,0.0,0.0,0,0,0,0.0,0
far_recovery,2,99,0,0,0,0,0,0,0,0,4,12,0.539456844329834,0.5081559419631958,0.9131494760513306,0.05000000074505806,0.3026065230369568,32,32,False,,,,,,inf,inf,0.0,0.0,0,0,0,0.0,0
far_recovery,2,100,0,0,0,0,0,0,0,0,4,12,0.7831765413284302,0.6451619863510132,0.7816890478134155,0.05000000074505806,0.45971226692199707,32,32,False,,,,,,inf,inf,0.0,0.0,0,0,0,0.0,0
far_recovery,2,101,0,0,0,0,0,0,0,0,4,3,0.5629957318305969,0.5061054229736328,0.948171854019165,0.05000000074505806,0.6991034150123596,32,32,False,,,,,,inf,inf,0.0,0.0,0,0,0,0.0,0
far_recovery,2,102,0,0,0,0,0,0,0,0,4,29,0.7127583026885986,0.6868995428085327,0.8952080607414246,0.05000000074505806,0.6080512404441833,32,32,False,,,,,,inf,inf,0.0,0.0,0,0,0,0.0,0
far_recovery,2,103,0,0,0,0,0,0,0,0,4,27,0.6866006851196289,0.583403468132019,0.8157920837402344,0.05000000074505806,0.2174445539712906,32,32,False,,,,,,inf,inf,0.0,0.0,0,0,0,0.0,0
far_recovery,2,104,0,0,0,0,0,0,0,0,4,1,0.4707185924053192,0.5417499542236328,1.020786166191101,0.05000000074505806,0.6123102903366089,32,32,False,,,,,,inf,inf,0.0,0.0,0,0,0,0.0,0
far_recovery,2,105,0,0,0,0,0,0,0,0,4,3,0.42991408705711365,0.5728912949562073,0.8317422866821289,0.05000000074505806,0.2639303505420685,32,32,False,,,,,,inf,inf,0.0,0.0,0,0,0,0.0,0
far_recovery,2,106,0,0,0,0,0,0,0,0,4,30,0.7919777631759644,0.6127862930297852,1.019315242767334,0.05000000074505806,0.3401697278022766,32,32,False,,,,,,inf,inf,0.0,0.0,0,0,0,0.0,0
far_recovery,2,107,0,0,0,0,0,0,0,0,4,10,0.6104433536529541,0.5057779550552368,0.6470745205879211,0.05000000074505806,0.6676709055900574,32,32,False,,,,,,inf,inf,0.0,0.0,0,0,0,0.0,0
far_recovery,2,108,0,0,0,0,0,0,0,0,4,20,0.7370916604995728,0.6924151182174683,0.9193063974380493,0.05000000074505806,0.6862205266952515,32,32,False,,,,,,inf,inf,0.0,0.0,0,0,0,0.0,0
far_recovery,2,109,0,0,0,0,0,0,0,0,4,13,0.6414462924003601,0.6141977310180664,0.8641245365142822,0.05000000074505806,0.6656421422958374,32,32,False,,,,,,inf,inf,0.0,0.0,0,0,0,0.0,0
far_recovery,2,110,0,0,0,0,0,0,0,0,4,6,0.6643245220184326,0.6734075546264648,0.727039098739624,0.05000000074505806,0.5438951253890991,32,32,False,,,,,,inf,inf,0.0,0.0,0,0,0,0.0,0
far_recovery,2,111,0,0,0,0,0,0,0,0,4,23,0.7493917346000671,0.5222421884536743,0.8270412683486938,0.05000000074505806,0.5204551219940186,32,32,False,,,,,,inf,inf,0.0,0.0,0,0,0,0.0,0
far_recovery,2,112,0,0,0,0,0,0,0,0,4,2,0.7896429300308228,0.6836986541748047,0.6096537113189697,0.05000000074505806,0.3269121050834656,32,32,False,,,,,,inf,inf,0.0,0.0,0,0,0,0.0,0
far_recovery,2,113,0,0,0,0,0,0,0,0,4,27,0.46728381514549255,0.5441412329673767,0.9245046377182007,0.05000000074505806,0.24307262897491455,32,32,False,,,,,,inf,inf,0.0,0.0,0,0,0,0.0,0
far_recovery,2,114,0,0,0,0,0,0,0,0,4,31,0.6250057816505432,0.6564820408821106,0.6490341424942017,0.05000000074505806,0.39689505100250244,32,32,False,,,,,,inf,inf,0.0,0.0,0,0,0,0.0,0
far_recovery,2,115,0,0,0,0,0,0,0,0,4,2,0.7492514848709106,0.6022934913635254,1.0512882471084595,0.05000000074505806,0.30096757411956787,32,32,False,,,,,,inf,inf,0.0,0.0,0,0,0,0.0,0
far_recovery,2,116,0,0,0,0,0,0,0,0,4,4,0.7448869943618774,0.630993127822876,0.8207188844680786,0.05000000074505806,0.7754759192466736,32,32,False,,,,,,inf,inf,0.0,0.0,0,0,0,0.0,0
far_recovery,2,117,0,0,0,0,0,0,0,0,4,0,0.7242476940155029,0.6114139556884766,0.8360636830329895,0.05000000074505806,0.5997928380966187,32,32,False,,,,,,inf,inf,0.0,0.0,0,0,0,0.0,0
far_recovery,2,118,0,0,0,0,0,0,0,0,4,13,0.45525622367858887,0.6658675670623779,1.096275806427002,0.05000000074505806,0.564849317073822,32,32,False,,,,,,inf,inf,0.0,0.0,0,0,0,0.0,0
far_recovery,2,119,0,0,0,0,0,0,0,0,4,12,0.4559791684150696,0.5226350426673889,0.6121921539306641,0.05000000074505806,0.6170268654823303,32,32,False,,,,,,inf,inf,0.0,0.0,0,0,0,0.0,0
far_recovery,2,120,0,0,0,0,0,0,0,0,4,20,0.47904568910598755,0.6290382742881775,0.6692375540733337,0.05000000074505806,0.660044252872467,32,32,False,,,,,,inf,inf,0.0,0.0,0,0,0,0.0,0
far_recovery,2,121,0,0,0,0,0,0,0,0,4,19,0.6251256465911865,0.5894118547439575,0.7241855263710022,0.05000000074505806,0.4739401936531067,32,32,False,,,,,,inf,inf,0.0,0.0,0,0,0,0.0,0
far_recovery,2,122,0,0,0,0,0,0,0,0,4,18,0.7993329763412476,0.6875842809677124,0.9460944533348083,0.05000000074505806,0.5875155925750732,32,32,False,,,,,,inf,inf,0.0,0.0,0,0,0,0.0,0
far_recovery,2,123,0,0,0,0,0,0,0,0,4,1,0.47366487979888916,0.6108530759811401,0.6788539290428162,0.05000000074505806,0.23510360717773438,32,32,False,,,,,,inf,inf,0.0,0.0,0,0,0,0.0,0
far_recovery,2,124,0,0,0,0,0,0,0,0,4,26,0.7065762281417847,0.6627773642539978,0.8438319563865662,0.05000000074505806,0.7681260108947754,32,32,False,,,,,,inf,inf,0.0,0.0,0,0,0,0.0,0
far_recovery,2,125,0,0,0,0,0,0,0,0,4,10,0.489302396774292,0.6742351651191711,0.6545778512954712,0.05000000074505806,0.7697352766990662,32,32,False,,,,,,inf,inf,0.0,0.0,0,0,0,0.0,0
far_recovery,2,126,0,0,0,0,0,0,0,0,4,25,0.41195687651634216,0.6596512794494629,0.7509045004844666,0.05000000074505806,0.6915901303291321,32,32,False,,,,,,inf,inf,0.0,0.0,0,0,0,0.0,0
far_recovery,2,127,0,0,0,0,0,0,0,0,4,29,0.5574920773506165,0.6821978688240051,0.8620752096176147,0.05000000074505806,0.6441531181335449,32,32,False,,,,,,inf,inf,0.0,0.0,0,0,0,0.0,0
far_recovery,2,128,0,0,0,0,0,0,0,0,4,13,0.7152341604232788,0.6926960349082947,0.9512472152709961,0.05000000074505806,0.6534934639930725,32,32,False,,,,,,inf,inf,0.0,0.0,0,0,0,0.0,0
far_recovery,2,129,0,0,0,0,0,0,0,0,4,6,0.7856749892234802,0.567139744758606,0.6411834359169006,0.05000000074505806,0.594979465007782,32,32,False,,,,,,inf,inf,0.0,0.0,0,0,0,0.0,0
far_recovery,2,130,0,0,0,0,0,0,0,0,4,22,0.47579225897789,0.5408849120140076,0.7448445558547974,0.05000000074505806,0.6067574620246887,32,32,False,,,,,,inf,inf,0.0,0.0,0,0,0,0.0,0
far_recovery,2,131,0,0,0,0,0,0,0,0,4,18,0.6434022188186646,0.6856710910797119,0.6986441612243652,0.05000000074505806,0.4752544164657593,32,32,False,,,,,,inf,inf,0.0,0.0,0,0,0,0.0,0
far_recovery,2,132,0,0,0,0,0,0,0,0,4,5,0.7725720405578613,0.6205762624740601,1.1072043180465698,0.05000000074505806,0.517713189125061,32,32,False,,,,,,inf,inf,0.0,0.0,0,0,0,0.0,0
far_recovery,2,133,0,0,0,0,0,0,0,0,4,7,0.7325307130813599,0.5299884676933289,1.0329838991165161,0.05000000074505806,0.24988633394241333,32,32,False,,,,,,inf,inf,0.0,0.0,0,0,0,0.0,0
far_recovery,2,134,0,0,0,0,0,0,0,0,4,10,0.724644660949707,0.603670060634613,0.7913257479667664,0.05000000074505806,0.44657212495803833,32,32,False,,,,,,inf,inf,0.0,0.0,0,0,0,0.0,0
far_recovery,2,135,0,0,0,0,0,0,0,0,4,20,0.7421265244483948,0.6299261450767517,0.6998228430747986,0.05000000074505806,0.557731032371521,32,32,False,,,,,,inf,inf,0.0,0.0,0,0,0,0.0,0
far_recovery,2,136,0,0,0,0,0,0,0,0,4,10,0.7265032529830933,0.6403012275695801,0.7962294220924377,0.05000000074505806,0.22038841247558594,32,32,False,,,,,,inf,inf,0.0,0.0,0,0,0,0.0,0
far_recovery,2,137,0,0,0,0,0,0,0,0,4,11,0.6516592502593994,0.5078302025794983,0.7487466931343079,0.05000000074505806,0.37010902166366577,32,32,False,,,,,,inf,inf,0.0,0.0,0,0,0,0.0,0
far_recovery,2,138,0,0,0,0,0,0,0,0,4,23,0.4632359743118286,0.6107531785964966,0.9718090891838074,0.05000000074505806,0.47611093521118164,32,32,False,,,,,,inf,inf,0.0,0.0,0,0,0,0.0,0
far_recovery,2,139,0,0,0,0,0,0,0,0,4,10,0.4320482909679413,0.6134419441223145,0.8390598297119141,0.05000000074505806,0.7652269601821899,32,32,False,,,,,,inf,inf,0.0,0.0,0,0,0,0.0,0
far_recovery,2,140,0,0,0,0,0,0,0,0,4,1,0.5083558559417725,0.5859331488609314,1.0585801601409912,0.05000000074505806,0.7930865287780762,32,32,False,,,,,,inf,inf,0.0,0.0,0,0,0,0.0,0
far_recovery,2,141,0,0,0,0,0,0,0,0,4,2,0.5767108201980591,0.5084419250488281,1.0183647871017456,0.05000000074505806,0.7705391049385071,32,32,False,,,,,,inf,inf,0.0,0.0,0,0,0,0.0,0
far_recovery,2,142,0,0,0,0,0,0,0,0,4,12,0.47740957140922546,0.5704033374786377,0.7066851258277893,0.05000000074505806,0.5561948418617249,32,32,False,,,,,,inf,inf,0.0,0.0,0,0,0,0.0,0
far_recovery,2,143,0,0,0,0,0,0,0,0,4,27,0.6731707453727722,0.5251116156578064,0.7174096703529358,0.05000000074505806,0.26214590668678284,32,32,False,,,,,,inf,inf,0.0,0.0,0,0,0,0.0,0
far_recovery,2,144,0,0,0,0,0,0,0,0,4,31,0.6618975400924683,0.5530044436454773,1.140685796737671,0.05000000074505806,0.2862553000450134,32,32,False,,,,,,inf,inf,0.0,0.0,0,0,0,0.0,0
far_recovery,2,145,0,0,0,0,0,0,0,0,4,15,0.5547129511833191,0.6760092973709106,0.6474350690841675,0.05000000074505806,0.5647917985916138,32,32,False,,,,,,inf,inf,0.0,0.0,0,0,0,0.0,0
far_recovery,2,146,0,0,0,0,0,0,0,0,4,23,0.676868200302124,0.5917149186134338,0.6734527349472046,0.05000000074505806,0.5484333634376526,32,32,False,,,,,,inf,inf,0.0,0.0,0,0,0,0.0,0
far_recovery,2,147,0,0,0,0,0,0,0,0,4,4,0.6646369695663452,0.6832953691482544,0.7644573450088501,0.05000000074505806,0.6104575991630554,32,32,False,,,,,,inf,inf,0.0,0.0,0,0,0,0.0,0
far_recovery,2,148,0,0,0,0,0,0,0,0,4,13,0.7221077680587769,0.5894812345504761,0.8051398992538452,0.05000000074505806,0.20340336859226227,32,32,False,,,,,,inf,inf,0.0,0.0,0,0,0,0.0,0
far_recovery,2,149,0,0,0,0,0,0,0,0,4,15,0.7346887588500977,0.6781736612319946,1.1589343547821045,0.05000000074505806,0.3202790915966034,32,32,False,,,,,,inf,inf,0.0,0.0,0,0,0,0.0,0
far_recovery,2,150,0,0,0,0,0,0,0,0,4,22,0.5322694778442383,0.5106205344200134,0.8388971090316772,0.05000000074505806,0.3139382600784302,32,32,False,,,,,,inf,inf,0.0,0.0,0,0,0,0.0,0
far_recovery,2,151,0,0,0,0,0,0,0,0,4,18,0.7954051494598389,0.5544253587722778,1.040187954902649,0.05000000074505806,0.7491694092750549,32,32,False,,,,,,inf,inf,0.0,0.0,0,0,0,0.0,0
far_recovery,2,152,0,0,0,0,0,0,0,0,4,30,0.5768784284591675,0.5138485431671143,0.767317533493042,0.05000000074505806,0.20423971116542816,32,32,False,,,,,,inf,inf,0.0,0.0,0,0,0,0.0,0
far_recovery,2,153,0,0,0,0,0,0,0,0,4,19,0.5931288003921509,0.6382975578308105,0.6816934943199158,0.05000000074505806,0.3497477173805237,32,32,False,,,,,,inf,inf,0.0,0.0,0,0,0,0.0,0
far_recovery,2,154,0,0,0,0,0,0,0,0,4,21,0.41122397780418396,0.6102858781814575,1.0293605327606201,0.05000000074505806,0.7019525170326233,32,32,False,,,,,,inf,inf,0.0,0.0,0,0,0,0.0,0
far_recovery,2,155,0,0,0,0,0,0,0,0,4,2,0.47127676010131836,0.6689849495887756,0.7074765563011169,0.05000000074505806,0.44783443212509155,32,32,False,,,,,,inf,inf,0.0,0.0,0,0,0,0.0,0
far_recovery,2,156,0,0,0,0,0,0,0,0,4,20,0.48315930366516113,0.640862226486206,0.7239675521850586,0.05000000074505806,0.27344200015068054,32,32,False,,,,,,inf,inf,0.0,0.0,0,0,0,0.0,0
far_recovery,2,157,0,0,0,0,0,0,0,0,4,29,0.5144554376602173,0.6431024074554443,0.7543880939483643,0.05000000074505806,0.28002503514289856,32,32,False,,,,,,inf,inf,0.0,0.0,0,0,0,0.0,0
far_recovery,2,158,0,0,0,0,0,0,0,0,4,27,0.7421939373016357,0.5542861819267273,0.8715144395828247,0.05000000074505806,0.5506255030632019,32,32,False,,,,,,inf,inf,0.0,0.0,0,0,0,0.0,0
far_recovery,2,159,0,0,0,0,0,0,0,0,4,19,0.5346437692642212,0.5975702404975891,0.703955888748169,0.05000000074505806,0.7427573204040527,32,32,False,,,,,,inf,inf,0.0,0.0,0,0,0,0.0,0
far_recovery,2,160,0,0,0,0,0,0,0,0,4,19,0.45054376125335693,0.5360488295555115,0.9506493806838989,0.05000000074505806,0.6605153679847717,32,32,False,,,,,,inf,inf,0.0,0.0,0,0,0,0.0,0
far_recovery,2,161,0,0,0,0,0,0,0,0,4,9,0.6769499778747559,0.5496600866317749,0.8513771295547485,0.05000000074505806,0.6293408870697021,32,32,False,,,,,,inf,inf,0.0,0.0,0,0,0,0.0,0
far_recovery,2,162,0,0,0,0,0,0,0,0,4,25,0.6640338897705078,0.6715556979179382,0.6304141879081726,0.05000000074505806,0.34857314825057983,32,32,False,,,,,,inf,inf,0.0,0.0,0,0,0,0.0,0
far_recovery,2,163,0,0,0,0,0,0,0,0,4,16,0.7295381426811218,0.5857898592948914,0.8507276773452759,0.05000000074505806,0.5542243719100952,32,32,False,,,,,,inf,inf,0.0,0.0,0,0,0,0.0,0
far_recovery,2,164,0,0,0,0,0,0,0,0,4,14,0.49650558829307556,0.6497846841812134,0.7872338891029358,0.05000000074505806,0.2847597599029541,32,32,False,,,,,,inf,inf,0.0,0.0,0,0,0,0.0,0
far_recovery,2,165,0,0,0,0,0,0,0,0,4,21,0.6433629989624023,0.5431118607521057,1.1972920894622803,0.05000000074505806,0.3145454227924347,32,32,False,,,,,,inf,inf,0.0,0.0,0,0,0,0.0,0
far_recovery,2,166,0,0,0,0,0,0,0,0,4,25,0.5271898508071899,0.5790234804153442,1.1403651237487793,0.05000000074505806,0.34948527812957764,32,32,False,,,,,,inf,inf,0.0,0.0,0,0,0,0.0,0
far_recovery,2,167,0,0,0,0,0,0,0,0,4,5,0.5550650358200073,0.509860098361969,1.0906586647033691,0.05000000074505806,0.6591846346855164,32,32,False,,,,,,inf,inf,0.0,0.0,0,0,0,0.0,0
far_recovery,2,168,0,0,0,0,0,0,0,0,4,29,0.44061633944511414,0.5877252221107483,1.0225355625152588,0.05000000074505806,0.3953236937522888,32,32,False,,,,,,inf,inf,0.0,0.0,0,0,0,0.0,0
far_recovery,2,169,0,0,0,0,0,0,0,0,4,5,0.5088478326797485,0.6769564747810364,0.7868675589561462,0.05000000074505806,0.24141085147857666,32,32,False,,,,,,inf,inf,0.0,0.0,0,0,0,0.0,0
far_recovery,2,170,0,0,0,0,0,0,0,0,4,10,0.5387484431266785,0.6063451766967773,1.0032122135162354,0.05000000074505806,0.6796339154243469,32,32,False,,,,,,inf,inf,0.0,0.0,0,0,0,0.0,0
far_recovery,2,171,0,0,0,0,0,0,0,0,4,11,0.6855270862579346,0.5491897463798523,0.8664159178733826,0.05000000074505806,0.46672356128692627,32,32,False,,,,,,inf,inf,0.0,0.0,0,0,0,0.0,0
far_recovery,2,172,0,0,0,0,0,0,0,0,4,10,0.6365379095077515,0.5274481773376465,0.665434718132019,0.05000000074505806,0.551005482673645,32,32,False,,,,,,inf,inf,0.0,0.0,0,0,0,0.0,0
far_recovery,2,173,0,0,0,0,0,0,0,0,4,30,0.6494032740592957,0.5396447777748108,0.9987019300460815,0.05000000074505806,0.6403785943984985,32,32,False,,,,,,inf,inf,0.0,0.0,0,0,0,0.0,0
far_recovery,2,174,0,0,0,0,0,0,0,0,4,17,0.799621045589447,0.6628515720367432,1.129904866218567,0.05000000074505806,0.46877557039260864,32,32,False,,,,,,inf,inf,0.0,0.0,0,0,0,0.0,0
far_recovery,2,175,0,0,0,0,0,0,0,0,4,17,0.7949255108833313,0.619335949420929,1.0641041994094849,0.05000000074505806,0.5996572971343994,32,32,False,,,,,,inf,inf,0.0,0.0,0,0,0,0.0,0
far_recovery,2,176,0,0,0,0,0,0,0,0,4,5,0.7364094257354736,0.5711280107498169,1.1179620027542114,0.05000000074505806,0.7064228057861328,32,32,False,,,,,,inf,inf,0.0,0.0,0,0,0,0.0,0
far_recovery,2,177,0,0,0,0,0,0,0,0,4,15,0.6063687205314636,0.6893474459648132,0.92579185962677,0.05000000074505806,0.416660338640213,32,32,False,,,,,,inf,inf,0.0,0.0,0,0,0,0.0,0
far_recovery,2,178,0,0,0,0,0,0,0,0,4,7,0.46164172887802124,0.6834686994552612,0.6197622418403625,0.05000000074505806,0.7335939407348633,32,32,False,,,,,,inf,inf,0.0,0.0,0,0,0,0.0,0
far_recovery,2,179,0,0,0,0,0,0,0,0,4,22,0.7563019394874573,0.5107322335243225,1.0424952507019043,0.05000000074505806,0.578601062297821,32,32,False,,,,,,inf,inf,0.0,0.0,0,0,0,0.0,0
far_recovery,2,180,0,0,0,0,0,0,0,0,4,0,0.5499873161315918,0.678475022315979,0.8962118625640869,0.05000000074505806,0.512279748916626,32,32,False,,,,,,inf,inf,0.0,0.0,0,0,0,0.0,0
far_recovery,2,181,0,0,0,0,0,0,0,0,4,26,0.5838309526443481,0.6129327416419983,1.1004598140716553,0.05000000074505806,0.2547071576118469,32,32,False,,,,,,inf,inf,0.0,0.0,0,0,0,0.0,0
far_recovery,2,182,0,0,0,0,0,0,0,0,4,28,0.4277002215385437,0.5055062770843506,0.8576619029045105,0.05000000074505806,0.7325794100761414,32,32,False,,,,,,inf,inf,0.0,0.0,0,0,0,0.0,0
far_recovery,2,183,0,0,0,0,0,0,0,0,4,31,0.5604943037033081,0.6246644258499146,0.9960416555404663,0.05000000074505806,0.5641157031059265,32,32,False,,,,,,inf,inf,0.0,0.0,0,0,0,0.0,0
far_recovery,2,184,0,0,0,0,0,0,0,0,4,19,0.471002459526062,0.5947644710540771,0.8369929194450378,0.05000000074505806,0.6860244274139404,32,32,False,,,,,,inf,inf,0.0,0.0,0,0,0,0.0,0
far_recovery,2,185,0,0,0,0,0,0,0,0,4,24,0.7837811708450317,0.6228730082511902,1.0215308666229248,0.05000000074505806,0.5359247922897339,32,32,False,,,,,,inf,inf,0.0,0.0,0,0,0,0.0,0
far_recovery,2,186,0,0,0,0,0,0,0,0,4,1,0.42709580063819885,0.5906890034675598,1.120539903640747,0.05000000074505806,0.6569466590881348,32,32,False,,,,,,inf,inf,0.0,0.0,0,0,0,0.0,0
far_recovery,2,187,0,0,0,0,0,0,0,0,4,2,0.4441034495830536,0.5085774660110474,0.9606516361236572,0.05000000074505806,0.7386067509651184,32,32,False,,,,,,inf,inf,0.0,0.0,0,0,0,0.0,0
far_recovery,2,188,0,0,0,0,0,0,0,0,4,27,0.5932087302207947,0.5806138515472412,1.0804269313812256,0.05000000074505806,0.5276781916618347,32,32,False,,,,,,inf,inf,0.0,0.0,0,0,0,0.0,0
far_recovery,2,189,0,0,0,0,0,0,0,0,4,16,0.4918569326400757,0.5847086310386658,1.1005831956863403,0.05000000074505806,0.5326591730117798,32,32,False,,,,,,inf,inf,0.0,0.0,0,0,0,0.0,0
far_recovery,2,190,0,0,0,0,0,0,0,0,4,1,0.6715623140335083,0.57449871301651,0.9025572538375854,0.05000000074505806,0.22681966423988342,32,32,False,,,,,,inf,inf,0.0,0.0,0,0,0,0.0,0
far_recovery,2,191,0,0,0,0,0,0,0,0,4,26,0.5230149030685425,0.5718969106674194,1.1069810390472412,0.05000000074505806,0.4334855079650879,32,32,False,,,,,,inf,inf,0.0,0.0,0,0,0,0.0,0
far_recovery,2,192,0,0,0,0,0,0,0,0,4,1,0.5060625076293945,0.5729351043701172,1.1249239444732666,0.05000000074505806,0.293222576379776,32,32,False,,,,,,inf,inf,0.0,0.0,0,0,0,0.0,0
far_recovery,2,193,0,0,0,0,0,0,0,0,4,9,0.6113275289535522,0.5527476072311401,1.0800273418426514,0.05000000074505806,0.7514077425003052,32,32,False,,,,,,inf,inf,0.0,0.0,0,0,0,0.0,0
far_recovery,2,194,0,0,0,0,0,0,0,0,4,28,0.7447795867919922,0.6996698975563049,1.1491055488586426,0.05000000074505806,0.5641059279441833,32,32,False,,,,,,inf,inf,0.0,0.0,0,0,0,0.0,0
far_recovery,2,195,0,0,0,0,0,0,0,0,4,5,0.4593152701854706,0.6276692152023315,0.7788894176483154,0.05000000074505806,0.27023446559906006,32,32,False,,,,,,inf,inf,0.0,0.0,0,0,0,0.0,0
far_recovery,2,196,0,0,0,0,0,0,0,0,4,6,0.6939212679862976,0.528862476348877,0.9952253699302673,0.05000000074505806,0.4195388853549957,32,32,False,,,,,,inf,inf,0.0,0.0,0,0,0,0.0,0
far_recovery,2,197,0,0,0,0,0,0,0,0,4,12,0.7284883260726929,0.5987797975540161,0.8018804788589478,0.05000000074505806,0.40390437841415405,32,32,False,,,,,,inf,inf,0.0,0.0,0,0,0,0.0,0
far_recovery,2,198,0,0,0,0,0,0,0,0,4,20,0.7956394553184509,0.5446624755859375,0.7188292741775513,0.05000000074505806,0.7447530031204224,32,32,False,,,,,,inf,inf,0.0,0.0,0,0,0,0.0,0
far_recovery,2,199,0,0,0,0,0,0,0,0,4,0,0.46001383662223816,0.51368248462677,1.1190690994262695,0.05000000074505806,0.6680489182472229,32,32,False,,,,,,inf,inf,0.0,0.0,0,0,0,0.0,0
