variant_id,correct_success_count,total_success_count,wrong_success_count
0,21,49,28
1,16,49,33
2,5,62,57
3,9,41,32
4,23,66,43
5,15,50,35
6,7,63,56
7,15,48,33
8,14,61,47
9,18,57,39
10,20,54,34
11,27,66,39
12,4,52,48
13,10,59,49
14,19,58,39
15,15,61,46
16,26,58,32
17,8,36,28
18,16,55,39
19,18,48,30
20,34,70,36
21,33,66,33
22,5,51,46
23,25,57,32
24,10,54,44
25,11,48,37
26,14,51,37
27,14,60,46
28,29,66,37
29,28,64,36
30,30,58,28
31,5,38,33
32,15,45,30
33,12,55,43
34,10,48,38
35,18,55,37
36,7,47,40
37,9,40,31
38,17,56,39
39,25,53,28
40,21,50,29
41,20,53,33
42,26,65,39
43,24,55,31
44,21,53,32
45,12,41,29
46,19,57,38
47,24,50,26
48,36,63,27
49,11,55,44
50,9,39,30
51,16,50,34
52,18,49,31
53,3,50,47
54,19,50,31
55,13,56,43
56,26,69,43
57,18,52,34
58,12,60,48
59,5,50,45
60,23,71,48
61,2,46,44
62,22,67,45
63,11,54,43
64,23,54,31
65,20,54,34
66,24,60,36
67,21,68,47
68,14,48,34
69,12,54,42
70,15,51,36
71,22,49,27
72,22,55,33
73,10,63,53
74,23,54,31
75,11,49,38
76,32,64,32
77,28,65,37
78,29,69,40
79,19,52,33
80,34,60,26
81,27,65,38
82,28,55,27
83,27,61,34
84,10,40,30
85,3,44,41
86,23,45,22
87,18,44,26
88,19,60,41
89,2,35,33
90,7,48,41
91,20,72,52
92,27,64,37
93,6,40,34
94,6,54,48
95,15,50,35
96,23,58,35
97,10,57,47
98,31,63,32
99,3,44,41
100,1,48,47
101,28,69,41
102,14,56,42
103,5,45,40
104,16,71,55
105,22,63,41
106,14,61,47
107,21,65,44
108,23,58,35
109,9,56,47
110,6,49,43
111,12,57,45
112,5,39,34
113,9,47,38
114,17,49,32
115,13,47,34
116,5,49,44
117,24,56,32
118,9,67,58
119,2,54,52
120,23,65,42
121,23,57,34
122,17,46,29
123,17,66,49
124,4,50,46
125,25,52,27
126,7,46,39
127,18,61,43
128,7,56,49
129,6,48,42
130,22,60,38
131,22,55,33
132,6,41,35
133,18,58,40
134,22,61,39
135,29,61,32
136,23,62,39
137,15,54,39
138,6,58,52
139,27,64,37
140,18,69,51
141,11,39,28
142,9,50,41
143,4,41,37
144,15,49,34
145,19,66,47
146,9,55,46
147,6,55,49
148,5,50,45
149,24,60,36
150,36,70,34
151,19,46,27
152,17,61,44
153,22,64,42
154,17,59,42
155,12,48,36
156,27,70,43
157,21,55,34
158,2,46,44
159,23,60,37
160,19,57,38
161,18,57,39
162,3,42,39
163,16,55,39
164,33,65,32
165,16,56,40
166,3,61,58
167,4,55,51
168,20,69,49
169,8,55,47
170,21,67,46
171,7,51,44
172,19,51,32
173,13,58,45
174,1,45,44
175,6,43,37
176,7,52,45
177,26,72,46
178,15,61,46
179,24,53,29
180,32,51,19
181,1,57,56
182,22,59,37
183,17,45,28
184,24,60,36
185,12,49,37
186,20,70,50
187,8,44,36
188,5,53,48
189,24,57,33
190,28,69,41
191,5,50,45
192,27,61,34
193,8,51,43
194,24,58,34
195,7,47,40
196,3,52,49
197,2,52,50
198,25,58,33
199,27,50,23
200,17,49,32
201,17,56,39
202,26,57,31
203,5,61,56
204,7,59,52
205,23,48,25
206,7,45,38
207,33,63,30
208,6,47,41
209,27,66,39
210,26,67,41
211,30,64,34
212,6,56,50
213,19,49,30
214,3,48,45
215,10,45,35
216,6,46,40
217,4,46,42
218,15,52,37
219,13,44,31
220,14,64,50
221,21,69,48
222,3,53,50
223,12,49,37
224,21,68,47
225,19,65,46
226,11,60,49
227,10,43,33
228,19,65,46
229,13,43,30
230,2,50,48
231,8,43,35
232,16,50,34
233,16,54,38
234,20,52,32
235,13,50,37
236,27,54,27
237,14,46,32
238,12,51,39
239,8,48,40
240,25,58,33
241,9,47,38
242,33,67,34
243,32,64,32
244,9,45,36
245,31,61,30
246,5,51,46
247,21,48,27
248,20,47,27
249,6,50,44
250,15,59,44
251,12,48,36
252,8,56,48
253,30,59,29
254,16,52,36
255,22,63,41
256,3,39,36
257,5,41,36
258,32,71,39
259,9,54,45
260,3,62,59
261,12,33,21
262,12,58,46
263,17,58,41
264,24,52,28
265,8,62,54
266,6,43,37
267,4,61,57
268,15,45,30
269,21,68,47
270,14,54,40
271,19,58,39
272,18,54,36
273,24,46,22
274,5,65,60
275,7,48,41
276,11,47,36
277,22,59,37
278,13,56,43
279,7,58,51
280,5,60,55
281,7,53,46
282,3,55,52
283,5,50,45
284,21,59,38
285,11,50,39
286,8,55,47
287,12,56,44
288,16,47,31
289,1,48,47
290,17,69,52
291,5,41,36
292,3,43,40
293,13,47,34
294,6,41,35
295,29,61,32
296,18,52,34
297,6,42,36
298,21,45,24
299,6,36,30
300,4,52,48
301,7,60,53
302,17,58,41
303,16,53,37
304,13,49,36
305,13,59,46
306,6,46,40
307,20,52,32
308,16,60,44
309,8,53,45
310,6,52,46
311,4,53,49
312,13,58,45
313,6,48,42
314,23,54,31
315,9,58,49
316,19,56,37
317,24,61,37
318,33,63,30
319,5,44,39
320,11,53,42
321,9,36,27
322,24,65,41
323,13,54,41
324,2,55,53
325,18,53,35
326,25,62,37
327,8,52,44
328,24,60,36
329,17,54,37
330,21,65,44
331,10,53,43
332,21,49,28
333,13,68,55
334,13,59,46
335,11,53,42
336,13,59,46
337,14,53,39
338,10,47,37
339,21,52,31
340,10,48,38
341,20,50,30
342,32,64,32
343,7,52,45
344,9,42,33
345,18,49,31
346,25,58,33
347,25,64,39
348,7,47,40
349,26,56,30
350,2,41,39
351,22,56,34
352,3,56,53
353,34,69,35
354,0,47,47
355,2,47,45
356,17,61,44
357,5,44,39
358,22,58,36
359,6,35,29
360,25,65,40
361,23,53,30
362,5,46,41
363,15,51,36
364,5,46,41
365,7,53,46
366,6,61,55
367,25,68,43
368,16,53,37
369,6,49,43
370,15,44,29
371,23,53,30
372,19,57,38
373,15,49,34
374,3,50,47
375,6,48,42
376,32,67,35
377,1,39,38
378,6,36,30
379,13,54,41
380,21,59,38
381,13,56,43
382,4,42,38
383,13,60,47
384,27,72,45
385,9,58,49
386,33,65,32
387,12,54,42
388,14,65,51
389,24,59,35
390,16,58,42
391,3,57,54
392,9,66,57
393,22,52,30
394,5,50,45
395,10,56,46
396,20,50,30
397,4,55,51
398,23,46,23
399,16,43,27
400,24,58,34
401,3,51,48
402,29,59,30
403,25,60,35
404,15,65,50
405,2,45,43
406,4,59,55
407,26,52,26
408,13,53,40
409,10,51,41
410,6,60,54
411,7,61,54
412,24,51,27
413,6,49,43
414,9,32,23
415,19,61,42
416,18,48,30
417,3,47,44
418,19,55,36
419,23,65,42
420,6,53,47
421,7,50,43
422,5,62,57
423,4,50,46
424,19,62,43
425,5,55,50
426,19,56,37
427,20,58,38
428,12,50,38
429,18,63,45
430,14,61,47
431,16,54,38
432,23,52,29
433,13,47,34
434,20,54,34
435,11,54,43
436,12,56,44
437,24,64,40
438,22,63,41
439,14,59,45
440,5,53,48
441,13,43,30
442,32,66,34
443,18,52,34
444,21,67,46
445,11,50,39
446,27,63,36
447,10,52,42
448,6,59,53
449,25,55,30
450,9,38,29
451,17,48,31
452,17,49,32
453,11,52,41
454,17,52,35
455,9,35,26
456,27,71,44
457,19,52,33
458,9,46,37
459,13,55,42
460,26,63,37
461,7,44,37
462,10,52,42
463,18,59,41
464,31,63,32
465,14,49,35
466,9,52,43
467,25,66,41
468,13,55,42
469,9,43,34
470,24,57,33
471,22,52,30
472,17,61,44
473,20,60,40
474,15,68,53
475,19,46,27
476,17,45,28
477,24,50,26
478,21,74,53
479,21,58,37
480,16,59,43
481,7,54,47
482,2,44,42
483,29,68,39
484,7,44,37
485,24,58,34
486,8,46,38
487,4,48,44
488,10,40,30
489,4,52,48
490,6,58,52
491,31,69,38
492,17,45,28
493,6,46,40
494,28,64,36
495,19,57,38
496,18,49,31
497,28,62,34
498,23,62,39
499,18,64,46
500,5,54,49
501,11,60,49
502,12,66,54
503,22,60,38
504,5,48,43
505,5,54,49
506,12,58,46
507,19,57,38
508,5,42,37
509,9,55,46
510,6,61,55
511,18,55,37
512,13,56,43
513,8,63,55
514,23,49,26
515,7,49,42
516,3,48,45
517,19,64,45
518,17,52,35
519,8,50,42
520,8,54,46
521,29,60,31
522,15,54,39
523,26,61,35
524,14,58,44
525,19,50,31
526,15,41,26
527,10,57,47
528,4,45,41
529,25,49,24
530,28,60,32
531,23,53,30
532,22,59,37
533,19,47,28
534,19,71,52
535,17,60,43
536,23,55,32
537,16,55,39
538,10,57,47
539,9,37,28
540,24,56,32
541,8,51,43
542,10,58,48
543,20,59,39
544,8,52,44
545,8,44,36
546,5,49,44
547,5,47,42
548,40,72,32
549,20,51,31
550,17,64,47
551,20,43,23
552,18,46,28
553,13,60,47
554,35,70,35
555,24,55,31
556,25,61,36
557,17,52,35
558,20,71,51
559,8,46,38
560,26,62,36
561,14,69,55
562,24,52,28
563,31,70,39
564,12,42,30
565,11,67,56
566,9,70,61
567,25,63,38
568,3,54,51
569,13,58,45
570,8,52,44
571,5,44,39
572,8,60,52
573,5,44,39
574,10,54,44
575,18,53,35
576,29,62,33
577,16,61,45
578,14,45,31
579,8,49,41
580,33,56,23
581,33,65,32
582,29,57,28
583,25,66,41
584,29,64,35
585,11,65,54
586,6,57,51
587,2,36,34
588,4,47,43
589,5,49,44
590,19,66,47
591,17,58,41
592,18,54,36
593,21,47,26
594,35,61,26
595,16,53,37
596,21,48,27
597,6,47,41
598,12,56,44
599,4,37,33
600,1,66,65
601,28,64,36
602,5,51,46
603,3,62,59
604,35,73,38
605,14,57,43
606,3,53,50
607,8,58,50
608,10,51,41
609,25,49,24
610,12,51,39
611,17,51,34
612,23,62,39
613,9,53,44
614,19,54,35
615,19,56,37
616,25,64,39
617,19,59,40
618,9,60,51
619,21,54,33
620,0,43,43
621,28,64,36
622,24,50,26
623,22,65,43
624,8,48,40
625,18,50,32
626,34,65,31
627,14,52,38
628,6,47,41
629,21,56,35
630,17,48,31
631,14,51,37
632,25,60,35
633,35,62,27
634,1,54,53
635,20,63,43
636,15,53,38
637,26,49,23
638,27,62,35
639,15,50,35
640,22,50,28
641,16,50,34
642,0,51,51
643,13,56,43
644,8,54,46
645,18,65,47
646,21,61,40
647,3,44,41
648,2,52,50
649,29,58,29
650,19,65,46
651,5,43,38
652,15,59,44
653,12,65,53
654,21,43,22
655,10,53,43
656,12,59,47
657,4,40,36
658,21,52,31
659,6,50,44
660,15,44,29
661,20,57,37
662,6,44,38
663,4,54,50
664,14,59,45
665,16,53,37
666,19,52,33
667,13,59,46
668,25,54,29
669,6,53,47
670,16,51,35
671,10,65,55
672,12,48,36
673,24,62,38
674,21,50,29
675,4,50,46
676,26,70,44
677,34,70,36
678,26,71,45
679,28,56,28
680,22,54,32
681,29,61,32
682,5,51,46
683,30,72,42
684,12,56,44
685,8,57,49
686,8,56,48
687,34,60,26
688,21,65,44
689,15,55,40
690,12,61,49
691,5,50,45
692,24,58,34
693,27,63,36
694,18,54,36
695,3,48,45
696,7,51,44
697,9,52,43
698,29,57,28
699,4,54,50
700,16,59,43
701,30,58,28
702,20,64,44
703,21,59,38
704,28,65,37
705,1,51,50
706,22,53,31
707,2,54,52
708,2,51,49
709,14,60,46
710,23,66,43
711,18,52,34
712,23,51,28
713,18,60,42
714,24,64,40
715,8,49,41
716,7,48,41
717,24,57,33
718,10,54,44
719,26,58,32
720,2,57,55
721,5,44,39
722,4,50,46
723,13,65,52
724,32,60,28
725,4,37,33
726,25,65,40
727,16,54,38
728,8,53,45
729,15,66,51
730,2,50,48
731,17,51,34
732,18,44,26
733,5,54,49
734,11,55,44
735,7,54,47
736,15,66,51
737,12,56,44
738,18,55,37
739,35,66,31
740,33,73,40
741,5,54,49
742,3,41,38
743,26,53,27
744,17,48,31
745,18,54,36
746,1,55,54
747,16,60,44
748,21,66,45
749,2,51,49
750,5,34,29
751,15,59,44
752,23,61,38
753,8,56,48
754,15,52,37
755,18,56,38
756,3,38,35
757,4,47,43
758,12,64,52
759,2,48,46
760,7,51,44
761,7,65,58
762,10,45,35
763,6,49,43
764,24,55,31
765,24,59,35
766,4,55,51
767,26,61,35
768,5,52,47
769,3,46,43
770,26,69,43
771,22,50,28
772,10,48,38
773,4,41,37
774,14,64,50
775,6,52,46
776,1,52,51
777,23,61,38
778,9,50,41
779,9,56,47
780,16,71,55
781,19,65,46
782,24,56,32
783,5,36,31
784,21,63,42
785,6,57,51
786,14,61,47
787,6,48,42
788,9,50,41
789,7,46,39
790,35,68,33
791,22,61,39
792,13,50,37
793,7,43,36
794,9,46,37
795,10,50,40
796,9,49,40
797,22,56,34
798,21,57,36
799,13,54,41
800,25,65,40
801,30,67,37
802,23,58,35
803,11,55,44
804,26,56,30
805,20,49,29
806,32,70,38
807,7,43,36
808,7,50,43
809,4,52,48
810,22,52,30
811,25,55,30
812,8,62,54
813,7,41,34
814,18,51,33
815,21,44,23
816,24,41,17
817,30,51,21
818,31,61,30
819,28,69,41
820,11,52,41
821,21,52,31
822,6,57,51
823,12,49,37
824,12,45,33
825,8,52,44
826,19,51,32
827,5,54,49
828,26,57,31
829,26,58,32
830,13,45,32
831,23,57,34
832,6,62,56
833,3,55,52
834,20,66,46
835,17,59,42
836,16,62,46
837,13,57,44
838,3,41,38
839,2,50,48
840,24,56,32
841,11,71,60
842,19,53,34
843,14,49,35
844,31,62,31
845,3,47,44
846,21,55,34
847,20,54,34
848,16,65,49
849,4,41,37
850,8,58,50
851,27,63,36
852,29,67,38
853,27,54,27
854,20,52,32
855,13,57,44
856,4,51,47
857,8,46,38
858,0,51,51
859,24,65,41
860,20,67,47
861,22,57,35
862,13,69,56
863,15,57,42
864,11,45,34
865,6,46,40
866,19,54,35
867,8,64,56
868,10,54,44
869,24,61,37
870,39,70,31
871,20,60,40
872,8,47,39
873,11,53,42
874,20,58,38
875,13,49,36
876,6,54,48
877,4,53,49
878,21,52,31
879,2,44,42
880,32,64,32
881,10,48,38
882,23,55,32
883,3,57,54
884,3,48,45
885,35,71,36
886,22,57,35
887,4,53,49
888,8,50,42
889,2,58,56
890,14,48,34
891,19,47,28
892,5,44,39
893,7,54,47
894,23,59,36
895,17,68,51
896,10,55,45
897,16,56,40
898,7,60,53
899,25,67,42
900,19,61,42
901,13,48,35
902,19,60,41
903,21,54,33
904,22,48,26
905,27,52,25
906,23,57,34
907,18,58,40
908,1,40,39
909,23,55,32
910,9,55,46
911,19,67,48
912,19,60,41
913,15,56,41
914,9,53,44
915,15,65,50
916,24,60,36
917,8,49,41
918,17,63,46
919,18,52,34
920,20,66,46
921,21,55,34
922,26,55,29
923,8,56,48
924,23,52,29
925,5,51,46
926,23,63,40
927,21,59,38
928,12,58,46
929,16,51,35
930,6,49,43
931,21,58,37
932,12,56,44
933,14,51,37
934,10,48,38
935,25,59,34
936,19,52,33
937,27,62,35
938,11,52,41
939,15,48,33
940,5,66,61
941,17,47,30
942,6,50,44
943,19,64,45
944,10,41,31
945,9,46,37
946,4,48,44
947,20,63,43
948,21,63,42
949,2,47,45
950,14,46,32
951,8,62,54
952,14,42,28
953,4,54,50
954,9,47,38
955,8,48,40
956,20,55,35
957,8,61,53
958,20,64,44
959,7,52,45
960,27,61,34
961,27,60,33
962,29,68,39
963,3,40,37
964,11,56,45
965,7,50,43
966,8,45,37
967,23,65,42
968,12,54,42
969,6,61,55
970,12,62,50
971,28,55,27
972,27,70,43
973,19,54,35
974,8,48,40
975,7,41,34
976,16,59,43
977,20,59,39
978,10,61,51
979,25,69,44
980,22,66,44
981,2,47,45
982,15,54,39
983,6,59,53
984,19,62,43
985,21,50,29
986,20,60,40
987,18,52,34
988,13,53,40
989,20,66,46
990,22,53,31
991,6,35,29
992,11,54,43
993,20,63,43
994,5,52,47
995,14,55,41
996,25,67,42
997,40,70,30
998,27,55,28
999,17,52,35
1000,7,51,44
1001,23,52,29
1002,2,42,40
1003,8,44,36
1004,32,67,35
1005,12,57,45
1006,15,51,36
1007,6,51,45
1008,11,51,40
1009,22,61,39
1010,13,54,41
1011,4,41,37
1012,21,60,39
1013,8,35,27
1014,27,60,33
1015,20,62,42
1016,12,50,38
1017,29,59,30
1018,19,51,32
1019,28,67,39
1020,4,58,54
1021,24,59,35
1022,21,61,40
1023,8,36,28
1024,17,63,46
1025,1,50,49
1026,3,56,53
1027,32,73,41
1028,11,52,41
1029,27,77,50
1030,27,62,35
1031,13,50,37
1032,1,45,44
1033,18,58,40
1034,18,58,40
1035,15,55,40
1036,7,48,41
1037,17,54,37
1038,11,51,40
1039,21,53,32
1040,22,52,30
1041,20,45,25
1042,22,63,41
1043,4,44,40
1044,2,41,39
1045,22,52,30
1046,6,32,26
1047,25,58,33
1048,21,64,43
1049,23,63,40
1050,11,46,35
1051,2,55,53
1052,1,34,33
1053,28,68,40
1054,7,64,57
1055,7,38,31
1056,8,46,38
1057,19,57,38
1058,6,59,53
1059,10,43,33
1060,11,57,46
1061,14,46,32
1062,6,47,41
1063,9,45,36
1064,2,51,49
1065,7,57,50
1066,11,55,44
1067,24,45,21
1068,26,62,36
1069,8,48,40
1070,4,66,62
1071,20,54,34
1072,19,58,39
1073,10,45,35
1074,20,50,30
1075,5,49,44
1076,8,58,50
1077,3,46,43
1078,14,60,46
1079,5,38,33
1080,16,37,21
1081,10,54,44
1082,23,59,36
1083,5,41,36
1084,15,59,44
1085,26,61,35
1086,27,63,36
1087,20,56,36
1088,27,66,39
1089,25,61,36
1090,22,67,45
1091,17,51,34
1092,8,63,55
1093,4,43,39
1094,12,47,35
1095,9,45,36
1096,12,51,39
1097,9,49,40
1098,19,50,31
1099,6,47,41
1100,21,54,33
1101,14,44,30
1102,31,66,35
1103,10,60,50
1104,13,59,46
1105,9,52,43
1106,12,46,34
1107,13,57,44
1108,26,66,40
1109,18,54,36
1110,23,57,34
1111,29,58,29
1112,8,39,31
1113,18,51,33
1114,19,60,41
1115,17,50,33
1116,17,44,27
1117,30,67,37
1118,22,62,40
1119,5,57,52
1120,14,37,23
1121,26,58,32
1122,21,53,32
1123,9,54,45
1124,23,54,31
1125,6,51,45
1126,21,53,32
1127,21,63,42
1128,28,66,38
1129,12,55,43
1130,17,59,42
1131,11,40,29
1132,28,64,36
1133,6,43,37
1134,10,42,32
1135,32,71,39
1136,21,50,29
1137,1,45,44
1138,24,57,33
1139,7,39,32
1140,24,58,34
1141,5,37,32
1142,10,58,48
1143,22,61,39
1144,8,42,34
1145,29,60,31
1146,9,54,45
1147,7,49,42
1148,21,46,25
1149,23,55,32
1150,37,60,23
1151,25,62,37
1152,19,65,46
1153,8,46,38
1154,20,51,31
1155,5,56,51
1156,21,57,36
1157,18,65,47
1158,24,59,35
1159,20,52,32
1160,11,51,40
1161,7,42,35
1162,17,55,38
1163,15,62,47
1164,30,70,40
1165,2,49,47
1166,27,61,34
1167,10,49,39
1168,8,42,34
1169,21,64,43
1170,4,51,47
1171,9,49,40
1172,16,41,25
1173,22,64,42
1174,26,64,38
1175,19,63,44
1176,5,43,38
1177,28,58,30
1178,13,58,45
1179,5,55,50
1180,20,67,47
1181,19,61,42
1182,14,63,49
1183,6,40,34
1184,10,39,29
1185,24,46,22
1186,12,60,48
1187,24,65,41
1188,22,62,40
1189,13,65,52
1190,19,58,39
1191,18,58,40
1192,15,53,38
1193,29,61,32
1194,16,61,45
1195,16,60,44
1196,7,51,44
1197,18,62,44
1198,7,51,44
1199,3,49,46
1200,15,44,29
1201,14,42,28
1202,10,51,41
1203,28,58,30
1204,11,53,42
1205,4,51,47
1206,10,57,47
1207,14,63,49
1208,31,64,33
1209,24,54,30
1210,24,50,26
1211,3,46,43
1212,26,60,34
1213,21,61,40
1214,16,49,33
1215,5,42,37
1216,15,59,44
1217,9,57,48
1218,23,50,27
1219,14,46,32
1220,23,66,43
1221,20,55,35
1222,24,68,44
1223,12,62,50
1224,9,50,41
1225,1,46,45
1226,8,58,50
1227,6,47,41
1228,26,59,33
1229,16,52,36
1230,10,46,36
1231,33,61,28
1232,12,55,43
1233,8,47,39
1234,16,37,21
1235,26,61,35
1236,19,59,40
1237,12,63,51
1238,33,67,34
1239,11,62,51
1240,15,57,42
1241,21,61,40
1242,25,68,43
1243,32,66,34
1244,13,50,37
1245,8,48,40
1246,24,49,25
1247,17,51,34
1248,23,69,46
1249,17,65,48
1250,2,47,45
1251,16,53,37
1252,24,53,29
1253,13,44,31
1254,13,49,36
1255,19,50,31
1256,23,57,34
1257,11,50,39
1258,16,48,32
1259,17,57,40
1260,5,48,43
1261,23,49,26
1262,23,68,45
1263,26,61,35
1264,18,52,34
1265,31,63,32
1266,21,65,44
1267,9,36,27
1268,18,50,32
1269,6,56,50
1270,15,62,47
1271,11,48,37
1272,10,55,45
1273,10,53,43
1274,14,52,38
1275,28,66,38
1276,12,58,46
1277,11,41,30
1278,21,53,32
1279,19,55,36
1280,2,51,49
1281,19,53,34
1282,8,54,46
1283,22,68,46
1284,12,58,46
1285,14,58,44
1286,7,40,33
1287,20,51,31
1288,15,59,44
1289,22,68,46
1290,11,52,41
1291,16,58,42
1292,12,43,31
1293,7,72,65
1294,2,41,39
1295,15,67,52
1296,7,57,50
1297,7,44,37
1298,6,44,38
1299,2,55,53
1300,5,51,46
1301,22,52,30
1302,26,59,33
1303,5,52,47
1304,32,65,33
1305,22,63,41
1306,11,50,39
1307,13,45,32
1308,26,64,38
1309,21,54,33
1310,20,62,42
1311,11,62,51
1312,8,49,41
1313,14,52,38
1314,7,50,43
1315,17,57,40
1316,5,54,49
1317,5,44,39
1318,23,57,34
1319,26,50,24
1320,15,60,45
1321,7,54,47
1322,20,54,34
1323,16,57,41
1324,37,68,31
1325,12,52,40
1326,18,49,31
1327,9,43,34
1328,16,61,45
1329,18,54,36
1330,14,55,41
1331,10,41,31
1332,26,61,35
1333,0,47,47
1334,23,55,32
1335,5,63,58
1336,11,48,37
1337,3,50,47
1338,24,52,28
1339,11,58,47
1340,27,69,42
1341,11,58,47
1342,9,54,45
1343,8,50,42
1344,4,64,60
1345,9,49,40
1346,21,72,51
1347,24,54,30
1348,12,47,35
1349,24,50,26
1350,19,70,51
1351,19,63,44
1352,35,73,38
1353,22,49,27
1354,17,45,28
1355,15,62,47
1356,27,57,30
1357,17,53,36
1358,29,67,38
1359,1,48,47
1360,15,42,27
1361,21,52,31
1362,16,52,36
1363,17,47,30
1364,15,48,33
1365,17,51,34
1366,24,58,34
1367,5,42,37
1368,22,46,24
1369,12,55,43
1370,8,53,45
1371,4,52,48
1372,22,55,33
1373,17,61,44
1374,15,51,36
1375,6,42,36
1376,5,47,42
1377,10,50,40
1378,8,52,44
1379,18,52,34
1380,30,65,35
1381,19,53,34
1382,14,51,37
1383,19,51,32
1384,25,70,45
1385,28,66,38
1386,16,66,50
1387,3,47,44
1388,12,52,40
1389,12,54,42
1390,29,64,35
1391,24,69,45
1392,1,46,45
1393,8,62,54
1394,3,56,53
1395,16,60,44
1396,2,43,41
1397,19,59,40
1398,26,69,43
1399,22,50,28
1400,4,52,48
1401,30,64,34
1402,10,49,39
1403,16,63,47
1404,25,65,40
1405,14,58,44
1406,15,52,37
1407,23,54,31
1408,8,48,40
1409,3,38,35
1410,9,47,38
1411,5,53,48
1412,27,66,39
1413,5,54,49
1414,22,63,41
1415,9,51,42
1416,23,58,35
1417,31,60,29
1418,25,57,32
1419,6,46,40
1420,12,56,44
1421,6,56,50
1422,14,59,45
1423,20,54,34
1424,4,53,49
1425,20,54,34
1426,24,66,42
1427,8,35,27
1428,10,59,49
1429,9,55,46
1430,13,57,44
1431,6,47,41
1432,21,61,40
1433,7,52,45
1434,23,57,34
1435,9,55,46
1436,1,36,35
1437,4,50,46
1438,5,46,41
1439,23,57,34
1440,25,58,33
1441,8,38,30
1442,22,52,30
1443,8,51,43
1444,28,64,36
1445,11,48,37
1446,27,61,34
1447,14,51,37
1448,12,57,45
1449,31,61,30
1450,23,55,32
1451,21,61,40
1452,8,62,54
1453,14,63,49
1454,13,48,35
1455,23,59,36
1456,4,50,46
1457,26,62,36
1458,5,57,52
1459,13,54,41
1460,6,60,54
1461,25,55,30
1462,16,67,51
1463,2,45,43
1464,37,65,28
1465,1,44,43
1466,10,58,48
1467,11,59,48
1468,10,55,45
1469,23,47,24
1470,10,62,52
1471,32,65,33
1472,7,46,39
1473,17,47,30
1474,19,54,35
1475,2,55,53
1476,20,62,42
1477,5,63,58
1478,8,45,37
1479,14,50,36
1480,3,51,48
1481,13,59,46
1482,4,50,46
1483,13,45,32
1484,10,47,37
1485,9,50,41
1486,5,36,31
1487,25,51,26
1488,6,64,58
1489,10,48,38
1490,15,64,49
1491,15,49,34
1492,9,52,43
1493,14,59,45
1494,21,60,39
1495,12,57,45
1496,27,72,45
1497,26,62,36
1498,6,49,43
1499,17,58,41
1500,18,50,32
1501,15,63,48
1502,1,49,48
1503,28,67,39
1504,25,60,35
1505,12,57,45
1506,23,57,34
1507,17,65,48
1508,22,51,29
1509,25,54,29
1510,9,52,43
1511,25,66,41
1512,3,38,35
1513,6,48,42
1514,23,50,27
1515,27,62,35
1516,3,40,37
1517,23,46,23
1518,7,63,56
1519,28,71,43
1520,21,53,32
1521,15,52,37
1522,10,37,27
1523,24,61,37
1524,17,64,47
1525,19,50,31
1526,23,62,39
1527,3,51,48
1528,20,52,32
1529,24,60,36
1530,20,65,45
1531,3,49,46
1532,5,44,39
1533,3,45,42
1534,22,63,41
1535,19,65,46
1536,17,62,45
1537,26,60,34
1538,22,68,46
1539,19,64,45
1540,3,50,47
1541,10,56,46
1542,24,57,33
1543,4,41,37
1544,4,45,41
1545,4,44,40
1546,5,47,42
1547,8,64,56
1548,12,54,42
1549,25,61,36
1550,14,52,38
1551,10,47,37
1552,15,50,35
1553,18,61,43
1554,7,60,53
1555,24,62,38
1556,21,62,41
1557,4,48,44
1558,4,38,34
1559,11,51,40
1560,9,52,43
1561,12,53,41
1562,9,64,55
1563,18,56,38
1564,8,45,37
1565,28,71,43
1566,0,54,54
1567,13,48,35
1568,14,52,38
1569,8,61,53
1570,26,61,35
1571,6,53,47
1572,16,51,35
1573,18,63,45
1574,3,47,44
1575,18,53,35
1576,22,52,30
1577,29,67,38
1578,13,59,46
1579,5,42,37
1580,15,45,30
1581,31,65,34
1582,9,42,33
1583,25,50,25
1584,20,62,42
1585,16,49,33
1586,11,55,44
1587,29,71,42
1588,2,60,58
1589,19,58,39
1590,6,51,45
1591,26,55,29
1592,2,52,50
1593,12,46,34
1594,9,59,50
1595,15,70,55
1596,4,40,36
1597,23,65,42
1598,1,45,44
1599,13,51,38
1600,7,55,48
1601,11,55,44
1602,24,61,37
1603,21,53,32
1604,9,48,39
1605,7,58,51
1606,16,40,24
1607,14,48,34
1608,19,59,40
1609,14,49,35
1610,21,62,41
1611,29,65,36
1612,34,66,32
1613,24,67,43
1614,22,54,32
1615,15,51,36
1616,9,52,43
1617,16,54,38
1618,25,66,41
1619,24,54,30
1620,6,47,41
1621,8,46,38
1622,24,68,44
1623,10,43,33
1624,4,45,41
1625,21,56,35
1626,8,40,32
1627,6,47,41
1628,15,47,32
1629,4,50,46
1630,14,49,35
1631,15,63,48
1632,32,68,36
1633,12,55,43
1634,7,62,55
1635,16,51,35
1636,11,50,39
1637,6,44,38
1638,14,52,38
1639,2,47,45
1640,5,53,48
1641,14,45,31
1642,12,47,35
1643,19,64,45
1644,3,49,46
1645,37,73,36
1646,19,54,35
1647,19,47,28
1648,27,59,32
1649,18,50,32
1650,6,46,40
1651,22,56,34
1652,29,73,44
1653,6,41,35
1654,11,48,37
1655,34,67,33
1656,5,49,44
1657,11,52,41
1658,9,65,56
1659,18,63,45
1660,25,66,41
1661,1,49,48
1662,23,53,30
1663,20,53,33
1664,6,53,47
1665,27,59,32
1666,33,69,36
1667,15,60,45
1668,18,52,34
1669,20,67,47
1670,16,60,44
1671,3,57,54
1672,17,71,54
1673,3,55,52
1674,5,55,50
1675,27,64,37
1676,7,43,36
1677,7,47,40
1678,6,52,46
1679,30,65,35
1680,8,47,39
1681,30,60,30
1682,6,56,50
1683,16,59,43
1684,2,45,43
1685,19,55,36
1686,23,61,38
1687,11,55,44
1688,10,63,53
1689,18,65,47
1690,29,63,34
1691,8,54,46
1692,16,52,36
1693,24,54,30
1694,31,65,34
1695,10,57,47
1696,14,47,33
1697,8,50,42
1698,7,47,40
1699,21,64,43
1700,8,52,44
1701,21,65,44
1702,16,60,44
1703,10,49,39
1704,18,50,32
1705,15,46,31
1706,14,47,33
1707,22,61,39
1708,3,58,55
1709,13,62,49
1710,20,53,33
1711,8,54,46
1712,8,49,41
1713,33,63,30
1714,5,44,39
1715,4,56,52
1716,3,47,44
1717,18,59,41
1718,28,60,32
1719,3,51,48
1720,21,50,29
1721,22,54,32
1722,29,60,31
1723,27,64,37
1724,31,56,25
1725,11,48,37
1726,5,53,48
1727,15,60,45
1728,18,62,44
1729,4,37,33
1730,3,39,36
1731,8,43,35
1732,20,63,43
1733,20,60,40
1734,22,53,31
1735,18,53,35
1736,24,56,32
1737,25,54,29
1738,24,64,40
1739,9,45,36
1740,15,60,45
1741,23,56,33
1742,5,55,50
1743,16,48,32
1744,8,51,43
1745,8,53,45
1746,28,64,36
1747,15,44,29
1748,17,41,24
1749,7,48,41
1750,29,57,28
1751,10,60,50
1752,7,50,43
1753,19,51,32
1754,8,55,47
1755,14,52,38
1756,22,51,29
1757,25,57,32
1758,17,63,46
1759,6,40,34
1760,11,44,33
1761,17,53,36
1762,1,62,61
1763,5,44,39
1764,7,40,33
1765,20,61,41
1766,9,54,45
1767,26,64,38
1768,5,39,34
1769,18,58,40
1770,24,53,29
1771,9,55,46
1772,20,56,36
1773,14,45,31
1774,16,60,44
1775,17,57,40
1776,14,50,36
1777,18,61,43
1778,11,54,43
1779,3,53,50
1780,8,43,35
1781,19,58,39
1782,11,56,45
1783,18,69,51
1784,18,59,41
1785,25,52,27
1786,21,54,33
1787,7,45,38
1788,20,55,35
1789,16,44,28
1790,18,56,38
1791,13,46,33
1792,29,63,34
1793,19,55,36
1794,14,46,32
1795,9,48,39
1796,4,61,57
1797,21,61,40
1798,8,46,38
1799,17,53,36
1800,28,57,29
1801,18,48,30
1802,18,61,43
1803,26,72,46
1804,12,48,36
1805,7,51,44
1806,7,51,44
1807,14,60,46
1808,27,58,31
1809,22,65,43
1810,13,71,58
1811,18,50,32
1812,22,52,30
1813,13,61,48
1814,15,52,37
1815,22,70,48
1816,31,73,42
1817,8,56,48
1818,17,59,42
1819,2,54,52
1820,6,35,29
1821,25,62,37
1822,24,62,38
1823,18,47,29
1824,9,43,34
1825,9,46,37
1826,18,57,39
1827,9,46,37
1828,19,41,22
1829,28,66,38
1830,24,57,33
1831,18,47,29
1832,13,62,49
1833,5,54,49
1834,24,61,37
1835,5,44,39
1836,25,65,40
1837,25,66,41
1838,8,43,35
1839,23,59,36
1840,22,60,38
1841,31,62,31
1842,18,67,49
1843,16,65,49
1844,2,55,53
1845,27,58,31
1846,10,48,38
1847,5,48,43
1848,25,67,42
1849,18,43,25
1850,3,48,45
1851,31,63,32
1852,27,55,28
1853,26,63,37
1854,9,49,40
1855,2,49,47
1856,12,43,31
1857,8,47,39
1858,16,57,41
1859,22,66,44
1860,24,62,38
1861,9,48,39
1862,5,51,46
1863,6,43,37
1864,5,47,42
1865,13,50,37
1866,5,45,40
1867,2,54,52
1868,3,51,48
1869,14,59,45
1870,20,67,47
1871,5,53,48
1872,4,46,42
1873,18,53,35
1874,15,54,39
1875,15,44,29
1876,7,43,36
1877,17,49,32
1878,13,35,22
1879,4,58,54
1880,12,48,36
1881,12,59,47
1882,3,51,48
1883,25,67,42
1884,17,50,33
1885,16,62,46
1886,9,44,35
1887,23,54,31
1888,34,68,34
1889,18,49,31
1890,23,58,35
1891,16,66,50
1892,28,63,35
1893,22,66,44
1894,8,57,49
1895,30,62,32
1896,19,51,32
1897,17,45,28
1898,12,47,35
1899,21,53,32
1900,13,65,52
1901,14,58,44
1902,28,63,35
1903,5,46,41
1904,23,67,44
1905,21,58,37
1906,4,64,60
1907,17,63,46
1908,13,52,39
1909,3,59,56
1910,26,69,43
1911,19,50,31
1912,33,69,36
1913,20,46,26
1914,22,61,39
1915,18,70,52
1916,14,58,44
1917,28,63,35
1918,15,54,39
1919,17,56,39
1920,27,61,34
1921,5,53,48
1922,9,44,35
1923,19,47,28
1924,6,47,41
1925,14,51,37
1926,19,61,42
1927,3,42,39
1928,15,58,43
1929,26,73,47
1930,29,63,34
1931,8,56,48
1932,32,63,31
1933,10,43,33
1934,25,55,30
1935,19,60,41
1936,11,56,45
1937,16,45,29
1938,28,60,32
1939,1,36,35
1940,19,45,26
1941,24,58,34
1942,13,54,41
1943,23,53,30
1944,16,53,37
1945,19,51,32
1946,21,63,42
1947,21,53,32
1948,7,54,47
1949,24,65,41
1950,10,59,49
1951,16,54,38
1952,20,60,40
1953,21,50,29
1954,23,61,38
1955,18,57,39
1956,21,64,43
1957,16,61,45
1958,13,58,45
1959,22,58,36
1960,17,58,41
1961,23,57,34
1962,3,50,47
1963,20,56,36
1964,31,70,39
1965,28,70,42
1966,11,51,40
1967,22,51,29
1968,6,50,44
1969,16,50,34
1970,25,69,44
1971,12,46,34
1972,5,57,52
1973,14,59,45
1974,21,46,25
1975,11,51,40
1976,21,53,32
1977,18,55,37
1978,17,54,37
1979,4,64,60
1980,6,41,35
1981,14,49,35
1982,20,49,29
1983,6,45,39
1984,27,60,33
1985,3,47,44
1986,3,43,40
1987,5,38,33
1988,7,50,43
1989,18,53,35
1990,27,60,33
1991,30,62,32
1992,3,53,50
1993,30,59,29
1994,18,55,37
1995,6,62,56
1996,25,69,44
1997,19,65,46
1998,12,50,38
1999,19,54,35
2000,21,56,35
2001,10,57,47
2002,12,44,32
2003,6,52,46
2004,10,48,38
2005,3,51,48
2006,23,66,43
2007,16,55,39
2008,14,63,49
2009,23,66,43
2010,1,44,43
2011,13,60,47
2012,12,50,38
2013,33,57,24
2014,19,63,44
2015,8,63,55
2016,21,53,32
2017,24,53,29
2018,24,61,37
2019,25,60,35
2020,22,53,31
2021,19,60,41
2022,32,64,32
2023,17,53,36
2024,7,57,50
2025,20,54,34
2026,3,55,52
2027,30,75,45
2028,26,63,37
2029,29,69,40
2030,11,58,47
2031,24,61,37
2032,15,61,46
2033,28,61,33
2034,3,40,37
2035,7,63,56
2036,26,66,40
2037,20,58,38
2038,7,40,33
2039,9,46,37
2040,20,55,35
2041,9,52,43
2042,19,49,30
2043,10,59,49
2044,6,59,53
2045,10,46,36
2046,23,62,39
2047,23,61,38
