variant_id,mixed_success_correct,correct_success,mixed_failure_correct,correct_failure
0,21,18,15,13
1,16,10,27,14
2,5,8,25,34
3,9,6,43,33
4,23,14,18,18
5,15,16,20,21
6,7,6,29,38
7,15,17,19,14
8,14,17,25,24
9,18,17,18,16
10,20,24,13,7
11,27,22,2,3
12,4,2,37,36
13,10,7,25,24
14,19,19,15,18
15,15,14,15,34
16,26,18,6,9
17,8,7,26,28
18,16,19,8,5
19,18,28,7,5
20,34,25,1,7
21,33,25,2,7
22,5,5,26,41
23,25,20,7,4
24,10,7,35,40
25,11,14,29,27
26,14,21,15,4
27,14,15,33,33
28,29,22,6,1
29,28,22,9,14
30,30,24,8,11
31,5,6,33,29
32,15,10,17,28
33,12,8,29,37
34,10,5,25,17
35,18,17,17,14
36,7,10,23,24
37,9,14,33,20
38,17,12,17,19
39,25,17,11,8
40,21,18,10,12
41,20,18,17,11
42,26,21,6,7
43,24,22,8,6
44,21,22,12,9
45,12,16,15,10
46,19,27,7,2
47,24,11,12,11
48,36,25,4,5
49,11,12,24,32
50,9,6,28,17
51,16,12,30,16
52,18,17,17,15
53,3,1,35,44
54,19,18,6,6
55,13,16,25,23
56,26,24,9,4
57,18,16,14,11
58,12,11,19,23
59,5,2,26,23
60,23,28,11,2
61,2,3,38,36
62,22,17,23,28
63,11,8,24,26
64,23,10,13,10
65,20,18,9,12
66,24,23,23,16
67,21,21,22,19
68,14,16,12,13
69,12,11,20,19
70,15,22,14,19
71,22,28,12,3
72,22,21,12,6
73,10,10,31,30
74,23,24,14,14
75,11,9,32,30
76,32,27,10,12
77,28,11,28,34
78,29,24,6,3
79,19,12,11,13
80,34,26,8,5
81,27,24,9,6
82,28,24,7,7
83,27,19,4,8
84,10,6,36,36
85,3,7,37,26
86,23,15,20,9
87,18,16,14,20
88,19,22,18,20
89,2,6,43,40
90,7,11,28,37
91,20,20,22,15
92,27,19,8,8
93,6,11,34,35
94,6,11,25,37
95,15,20,12,6
96,23,16,4,6
97,10,7,30,30
98,31,24,7,3
99,3,4,35,47
100,1,3,44,44
101,28,25,16,10
102,14,13,13,23
103,5,8,33,41
104,16,19,14,26
105,22,18,23,15
106,14,12,30,25
107,21,22,12,20
108,23,24,3,5
109,9,10,40,42
110,6,9,32,29
111,12,11,22,18
112,5,8,38,36
113,9,11,31,33
114,17,12,20,21
115,13,7,30,45
116,5,3,36,46
117,24,20,4,4
118,9,13,28,32
119,2,7,43,39
120,23,19,13,13
121,23,25,9,7
122,17,19,13,9
123,17,17,17,24
124,4,4,38,38
125,25,22,19,10
126,7,8,40,35
127,18,19,25,15
128,7,7,33,52
129,6,6,28,30
130,22,20,8,7
131,22,19,9,6
132,6,5,37,31
133,18,16,9,13
134,22,20,13,10
135,29,17,15,7
136,23,22,15,10
137,15,13,20,28
138,6,12,25,20
139,27,25,8,7
140,18,22,19,16
141,11,14,27,33
142,9,5,37,24
143,4,7,40,30
144,15,11,26,19
145,19,22,7,5
146,9,14,32,23
147,6,5,38,37
148,5,8,44,43
149,24,25,8,4
150,36,23,3,6
151,19,17,11,14
152,17,14,36,32
153,22,25,11,13
154,17,18,25,34
155,12,8,30,39
156,27,27,8,6
157,21,11,9,20
158,2,7,37,31
159,23,28,14,5
160,19,21,21,10
161,18,11,21,22
162,3,6,38,49
163,16,22,9,5
164,33,27,6,4
165,16,17,32,25
166,3,10,28,27
167,4,6,32,33
168,20,18,16,16
169,8,9,32,32
170,21,26,14,7
171,7,5,37,41
172,19,21,12,15
173,13,14,22,33
174,1,4,39,25
175,6,5,31,33
176,7,8,23,41
177,26,23,2,10
178,15,10,11,19
179,24,14,8,10
180,32,17,5,5
181,1,9,32,35
182,22,13,11,10
183,17,11,21,19
184,24,18,13,9
185,12,12,15,22
186,20,21,19,17
187,8,6,42,45
188,5,9,34,35
189,24,18,5,7
190,28,19,18,17
191,5,8,27,26
192,27,21,18,20
193,8,13,22,30
194,24,19,7,5
195,7,3,37,38
196,3,10,38,39
197,2,3,35,42
198,25,23,12,11
199,27,16,9,6
200,17,17,13,11
201,17,11,17,20
202,26,21,17,17
203,5,12,27,37
204,7,5,35,44
205,23,17,7,4
206,7,12,25,31
207,33,27,2,3
208,6,3,28,36
209,27,26,8,3
210,26,19,11,7
211,30,27,5,14
212,6,6,29,42
213,19,17,9,8
214,3,4,32,49
215,10,6,36,39
216,6,5,32,39
217,4,6,30,28
218,15,16,33,30
219,13,10,30,26
220,14,22,27,22
221,21,26,5,3
222,3,14,30,23
223,12,13,26,27
224,21,17,9,7
225,19,19,14,15
226,11,11,26,31
227,10,11,31,25
228,19,21,20,17
229,13,9,23,31
230,2,5,39,41
231,8,2,29,32
232,16,15,28,24
233,16,20,18,16
234,20,13,12,12
235,13,12,27,23
236,27,23,6,5
237,14,10,27,25
238,12,11,28,34
239,8,7,25,35
240,25,28,5,3
241,9,11,26,25
242,33,27,2,5
243,32,18,5,8
244,9,10,36,33
245,31,26,8,6
246,5,3,37,44
247,21,14,14,9
248,20,17,11,8
249,6,6,30,33
250,15,24,10,8
251,12,11,28,15
252,8,11,29,33
253,30,22,7,8
254,16,19,9,10
255,22,23,29,19
256,3,4,27,34
257,5,8,26,33
258,32,24,5,9
259,9,9,23,31
260,3,4,28,46
261,12,19,20,12
262,12,9,33,36
263,17,25,8,6
264,24,20,18,12
265,8,12,25,44
266,6,2,29,47
267,4,12,39,31
268,15,19,14,12
269,21,21,21,20
270,14,12,29,25
271,19,18,10,13
272,18,22,18,18
273,24,22,12,6
274,5,8,28,29
275,7,7,41,33
276,11,12,26,30
277,22,19,15,15
278,13,13,25,23
279,7,14,39,34
280,5,8,31,44
281,7,5,30,43
282,3,7,26,41
283,5,5,31,39
284,21,25,14,14
285,11,12,34,33
286,8,5,44,46
287,12,11,23,23
288,16,24,23,11
289,1,1,44,44
290,17,17,8,9
291,5,7,41,31
292,3,4,50,45
293,13,21,15,10
294,6,10,31,34
295,29,15,4,6
296,18,20,16,7
297,6,8,38,25
298,21,14,21,12
299,6,6,39,48
300,4,10,36,35
301,7,9,25,23
302,17,19,18,17
303,16,20,15,9
304,13,10,29,31
305,13,16,18,18
306,6,10,32,22
307,20,19,6,5
308,16,16,13,21
309,8,17,23,23
310,6,8,33,37
311,4,6,35,34
312,13,12,25,27
313,6,5,43,42
314,23,26,13,6
315,9,10,27,44
316,19,18,19,15
317,24,13,12,9
318,33,21,18,26
319,5,4,35,45
320,11,10,27,30
321,9,8,32,34
322,24,19,18,22
323,13,12,36,37
324,2,2,33,38
325,18,18,23,18
326,25,19,12,11
327,8,7,34,37
328,24,26,8,9
329,17,15,22,26
330,21,22,7,7
331,10,15,20,29
332,21,19,14,10
333,13,19,22,22
334,13,10,18,13
335,11,15,25,36
336,13,15,29,29
337,14,11,25,23
338,10,8,27,30
339,21,15,15,13
340,10,7,42,36
341,20,14,26,20
342,32,16,11,12
343,7,4,39,45
344,9,13,34,34
345,18,15,21,11
346,25,23,8,2
347,25,15,25,25
348,7,8,35,31
349,26,21,9,9
350,2,7,32,25
351,22,16,15,15
352,3,7,34,46
353,34,23,3,4
354,0,5,37,31
355,2,1,35,34
356,17,18,20,28
357,5,4,38,51
358,22,27,7,8
359,6,8,36,30
360,25,22,18,12
361,23,28,10,5
362,5,4,42,30
363,15,21,25,27
364,5,1,34,42
365,7,4,41,41
366,6,9,35,30
367,25,23,13,15
368,16,14,28,26
369,6,6,31,28
370,15,12,12,13
371,23,23,8,4
372,19,19,11,11
373,15,11,29,24
374,3,4,39,47
375,6,7,28,37
376,32,27,7,5
377,1,2,47,36
378,6,6,40,30
379,13,11,34,20
380,21,14,20,23
381,13,14,31,27
382,4,6,36,25
383,13,17,22,16
384,27,27,7,4
385,9,12,34,27
386,33,27,8,9
387,12,7,37,43
388,14,21,17,18
389,24,24,12,11
390,16,10,19,24
391,3,9,31,40
392,9,9,35,41
393,22,19,14,11
394,5,5,30,35
395,10,16,10,7
396,20,14,11,4
397,4,11,25,34
398,23,18,6,6
399,16,14,4,12
400,24,18,14,10
401,3,4,34,40
402,29,21,5,6
403,25,20,10,7
404,15,11,16,24
405,2,6,47,35
406,4,4,44,32
407,26,15,10,12
408,13,18,15,10
409,10,14,16,20
410,6,5,40,37
411,7,13,26,43
412,24,21,9,11
413,6,8,33,33
414,9,4,34,33
415,19,19,21,15
416,18,15,13,10
417,3,5,43,49
418,19,17,14,8
419,23,22,7,10
420,6,8,36,29
421,7,12,29,37
422,5,11,42,41
423,4,8,34,37
424,19,20,13,10
425,5,6,24,34
426,19,20,26,22
427,20,21,21,17
428,12,3,30,33
429,18,17,20,13
430,14,15,16,23
431,16,10,29,14
432,23,19,11,9
433,13,9,22,27
434,20,19,11,4
435,11,7,29,43
436,12,9,30,41
437,24,22,7,10
438,22,23,16,26
439,14,17,29,15
440,5,8,44,30
441,13,7,20,23
442,32,21,4,9
443,18,13,33,42
444,21,19,18,18
445,11,8,27,24
446,27,19,16,15
447,10,5,41,30
448,6,4,34,38
449,25,18,14,9
450,9,8,27,24
451,17,21,16,12
452,17,26,18,8
453,11,14,23,22
454,17,13,4,7
455,9,11,38,29
456,27,26,7,3
457,19,16,32,36
458,9,7,31,38
459,13,20,25,22
460,26,14,22,16
461,7,8,45,37
462,10,2,28,56
463,18,13,16,18
464,31,27,10,4
465,14,12,17,20
466,9,18,33,21
467,25,28,2,3
468,13,10,26,18
469,9,11,34,18
470,24,18,7,8
471,22,17,18,8
472,17,6,28,27
473,20,20,18,15
474,15,16,14,15
475,19,23,11,7
476,17,15,17,12
477,24,25,3,7
478,21,20,15,17
479,21,20,20,24
480,16,16,20,28
481,7,4,36,33
482,2,3,47,42
483,29,29,3,6
484,7,7,30,40
485,24,19,7,9
486,8,6,41,42
487,4,3,30,51
488,10,14,28,30
489,4,4,42,40
490,6,5,27,39
491,31,21,7,7
492,17,11,16,13
493,6,5,33,43
494,28,17,16,20
495,19,11,19,26
496,18,18,15,10
497,28,27,6,3
498,23,23,7,13
499,18,15,16,23
500,5,9,29,37
501,11,11,35,43
502,12,23,22,9
503,22,16,5,12
504,5,3,22,37
505,5,5,31,37
506,12,3,28,24
507,19,15,19,15
508,5,6,45,42
509,9,12,30,39
510,6,7,30,44
511,18,21,10,4
512,13,11,31,18
513,8,12,37,37
514,23,18,16,10
515,7,5,46,34
516,3,3,37,53
517,19,23,21,17
518,17,18,12,13
519,8,2,24,29
520,8,7,27,26
521,29,29,7,0
522,15,14,15,9
523,26,27,6,5
524,14,14,24,28
525,19,22,16,10
526,15,16,8,5
527,10,9,36,41
528,4,9,40,28
529,25,14,9,15
530,28,28,13,11
531,23,18,5,8
532,22,20,22,16
533,19,12,20,25
534,19,22,14,16
535,17,12,21,27
536,23,22,4,9
537,16,15,26,21
538,10,8,30,25
539,9,16,12,5
540,24,25,15,11
541,8,6,24,22
542,10,12,21,29
543,20,12,13,17
544,8,6,22,28
545,8,13,27,39
546,5,7,35,33
547,5,13,36,32
548,40,28,5,9
549,20,16,10,9
550,17,20,19,24
551,20,22,11,4
552,18,14,13,14
553,13,12,31,22
554,35,25,7,11
555,24,21,7,2
556,25,23,12,10
557,17,9,14,13
558,20,11,24,25
559,8,13,31,35
560,26,22,20,24
561,14,8,34,42
562,24,19,6,10
563,31,28,6,8
564,12,13,37,37
565,11,10,34,34
566,9,13,28,29
567,25,23,16,7
568,3,5,29,42
569,13,8,28,26
570,8,10,30,26
571,5,5,36,33
572,8,6,31,44
573,5,10,36,32
574,10,17,28,18
575,18,11,16,19
576,29,20,16,11
577,16,14,26,31
578,14,18,16,11
579,8,7,31,41
580,33,28,17,3
581,33,28,7,3
582,29,21,11,4
583,25,25,13,7
584,29,25,4,4
585,11,12,25,27
586,6,6,32,34
587,2,2,34,36
588,4,2,36,51
589,5,9,43,35
590,19,22,21,17
591,17,13,23,13
592,18,19,11,9
593,21,20,7,7
594,35,24,17,15
595,16,12,17,11
596,21,18,12,16
597,6,15,35,23
598,12,10,29,29
599,4,6,32,27
600,1,5,31,40
601,28,18,20,22
602,5,6,29,34
603,3,8,34,45
604,35,28,7,2
605,14,10,20,24
606,3,5,35,36
607,8,12,40,32
608,10,12,35,21
609,25,14,9,10
610,12,12,34,40
611,17,13,40,28
612,23,28,4,3
613,9,13,19,20
614,19,22,12,10
615,19,11,22,25
616,25,16,19,19
617,19,21,25,15
618,9,21,24,20
619,21,20,21,15
620,0,3,46,38
621,28,20,3,11
622,24,22,5,4
623,22,18,26,31
624,8,9,38,44
625,18,14,12,7
626,34,26,5,11
627,14,12,24,27
628,6,7,44,47
629,21,13,20,22
630,17,16,17,11
631,14,16,21,15
632,25,23,14,14
633,35,23,3,5
634,1,1,38,47
635,20,22,20,11
636,15,12,27,38
637,26,23,8,2
638,27,23,7,2
639,15,13,17,19
640,22,20,10,8
641,16,18,21,17
642,0,1,27,43
643,13,13,26,22
644,8,5,36,29
645,18,20,22,11
646,21,13,25,20
647,3,4,33,39
648,2,1,42,34
649,29,18,4,8
650,19,18,10,19
651,5,6,33,33
652,15,10,20,26
653,12,14,24,23
654,21,21,7,4
655,10,6,36,34
656,12,6,20,16
657,4,6,48,43
658,21,15,8,9
659,6,12,44,38
660,15,11,14,8
661,20,23,16,17
662,6,8,27,30
663,4,6,30,35
664,14,16,34,37
665,16,21,4,6
666,19,17,13,20
667,13,19,10,11
668,25,21,7,3
669,6,7,30,31
670,16,14,23,21
671,10,11,34,42
672,12,8,38,52
673,24,23,23,13
674,21,18,21,15
675,4,5,41,46
676,26,24,7,7
677,34,24,4,5
678,26,25,11,10
679,28,15,14,10
680,22,25,11,7
681,29,19,8,11
682,5,1,25,31
683,30,19,8,7
684,12,6,28,28
685,8,9,41,38
686,8,12,26,30
687,34,17,9,12
688,21,17,16,24
689,15,23,17,6
690,12,17,20,22
691,5,3,43,29
692,24,19,11,14
693,27,23,11,13
694,18,19,9,11
695,3,6,39,40
696,7,9,24,23
697,9,8,38,36
698,29,19,8,12
699,4,4,44,38
700,16,8,32,30
701,30,26,8,7
702,20,16,9,6
703,21,14,13,20
704,28,25,13,5
705,1,8,37,36
706,22,21,19,19
707,2,4,45,43
708,2,4,32,27
709,14,16,20,15
710,23,21,13,10
711,18,18,6,6
712,23,18,14,5
713,18,15,10,24
714,24,14,10,17
715,8,10,31,22
716,7,8,42,29
717,24,24,6,7
718,10,13,25,24
719,26,29,4,3
720,2,2,46,41
721,5,5,32,39
722,4,7,39,35
723,13,13,27,37
724,32,25,11,9
725,4,9,35,27
726,25,23,15,12
727,16,11,20,16
728,8,6,32,35
729,15,17,19,12
730,2,5,26,36
731,17,12,18,12
732,18,18,20,12
733,5,5,32,39
734,11,3,27,59
735,7,8,26,52
736,15,20,19,16
737,12,20,13,15
738,18,21,32,20
739,35,24,5,6
740,33,18,7,13
741,5,5,28,30
742,3,12,36,33
743,26,21,11,11
744,17,14,16,9
745,18,9,23,14
746,1,4,42,39
747,16,21,12,12
748,21,19,14,13
749,2,3,35,39
750,5,5,33,33
751,15,15,11,9
752,23,15,32,34
753,8,11,27,27
754,15,15,16,16
755,18,13,24,21
756,3,4,42,29
757,4,3,37,35
758,12,17,20,21
759,2,5,37,39
760,7,15,18,22
761,7,11,32,36
762,10,9,37,26
763,6,5,38,34
764,24,12,10,9
765,24,27,6,4
766,4,7,24,31
767,26,19,18,23
768,5,8,31,32
769,3,4,37,45
770,26,24,7,6
771,22,19,15,12
772,10,4,27,29
773,4,2,34,43
774,14,21,17,19
775,6,11,26,24
776,1,6,29,40
777,23,24,11,8
778,9,3,37,44
779,9,7,37,28
780,16,20,8,7
781,19,19,20,13
782,24,15,13,21
783,5,9,32,35
784,21,16,18,20
785,6,9,38,30
786,14,18,33,31
787,6,6,31,32
788,9,8,27,25
789,7,9,33,43
790,35,27,6,0
791,22,18,18,17
792,13,17,24,28
793,7,5,37,45
794,9,9,28,25
795,10,6,29,27
796,9,7,33,34
797,22,16,12,11
798,21,15,26,29
799,13,13,30,31
800,25,25,6,6
801,30,22,9,8
802,23,19,6,4
803,11,8,30,36
804,26,18,13,13
805,20,26,18,8
806,32,22,7,13
807,7,8,25,31
808,7,4,41,39
809,4,9,31,30
810,22,20,10,10
811,25,15,9,10
812,8,9,44,41
813,7,9,31,31
814,18,14,17,7
815,21,14,8,9
816,24,20,15,8
817,30,23,6,7
818,31,28,7,10
819,28,25,4,4
820,11,17,21,28
821,21,18,6,6
822,6,2,34,33
823,12,14,21,20
824,12,9,24,21
825,8,16,19,31
826,19,17,31,23
827,5,8,34,33
828,26,18,15,16
829,26,18,21,18
830,13,7,21,26
831,23,11,17,11
832,6,10,33,28
833,3,5,41,46
834,20,20,10,7
835,17,18,21,26
836,16,15,22,18
837,13,11,32,25
838,3,6,29,39
839,2,3,45,47
840,24,26,13,7
841,11,13,20,20
842,19,15,27,21
843,14,18,25,16
844,31,26,4,4
845,3,5,43,36
846,21,19,8,9
847,20,15,10,13
848,16,21,16,17
849,4,4,46,39
850,8,6,28,33
851,27,26,8,5
852,29,22,2,4
853,27,29,5,5
854,20,15,15,12
855,13,13,31,29
856,4,6,28,33
857,8,13,28,29
858,0,4,44,37
859,24,14,20,22
860,20,19,20,17
861,22,16,18,12
862,13,19,26,22
863,15,13,22,24
864,11,15,35,31
865,6,5,35,45
866,19,16,11,14
867,8,11,34,47
868,10,11,31,28
869,24,24,6,4
870,39,27,3,5
871,20,24,7,9
872,8,7,25,42
873,11,8,18,20
874,20,23,19,21
875,13,19,28,13
876,6,6,43,40
877,4,4,42,46
878,21,21,17,10
879,2,2,42,51
880,32,23,5,6
881,10,9,33,28
882,23,21,9,6
883,3,2,30,47
884,3,5,51,47
885,35,26,3,2
886,22,22,7,3
887,4,4,26,38
888,8,16,32,28
889,2,3,36,45
890,14,15,22,9
891,19,16,8,8
892,5,3,34,48
893,7,4,35,40
894,23,26,10,3
895,17,24,15,13
896,10,18,23,18
897,16,17,27,22
898,7,13,29,45
899,25,23,2,8
900,19,24,13,11
901,13,16,30,24
902,19,27,7,2
903,21,25,7,2
904,22,19,13,12
905,27,23,11,4
906,23,16,9,10
907,18,19,13,10
908,1,6,38,36
909,23,21,7,9
910,9,10,32,36
911,19,23,15,15
912,19,16,14,7
913,15,5,33,27
914,9,10,28,34
915,15,14,20,34
916,24,16,2,12
917,8,16,28,24
918,17,21,21,17
919,18,21,14,9
920,20,17,18,18
921,21,15,18,11
922,26,18,10,4
923,8,8,44,48
924,23,15,8,12
925,5,6,42,36
926,23,23,8,4
927,21,17,17,23
928,12,8,11,22
929,16,18,13,16
930,6,9,36,24
931,21,28,7,4
932,12,13,33,31
933,14,16,14,15
934,10,6,21,28
935,25,17,7,17
936,19,10,17,21
937,27,26,7,7
938,11,12,24,27
939,15,17,9,12
940,5,9,25,39
941,17,16,14,16
942,6,7,34,36
943,19,17,15,10
944,10,11,31,28
945,9,6,24,26
946,4,11,26,26
947,20,18,16,23
948,21,20,13,11
949,2,5,33,41
950,14,20,17,10
951,8,3,35,32
952,14,20,10,7
953,4,3,35,50
954,9,12,36,33
955,8,8,36,29
956,20,15,25,16
957,8,5,38,47
958,20,18,15,16
959,7,13,34,32
960,27,23,5,6
961,27,25,17,8
962,29,28,9,11
963,3,5,36,30
964,11,14,19,19
965,7,5,34,37
966,8,23,16,8
967,23,19,17,15
968,12,13,14,12
969,6,12,34,41
970,12,12,29,21
971,28,19,6,5
972,27,24,6,8
973,19,16,14,17
974,8,6,34,32
975,7,8,26,23
976,16,18,24,28
977,20,25,14,12
978,10,10,29,42
979,25,19,14,21
980,22,26,8,5
981,2,2,39,40
982,15,8,23,22
983,6,2,28,56
984,19,15,23,31
985,21,18,11,9
986,20,16,11,13
987,18,19,11,11
988,13,11,32,22
989,20,20,19,15
990,22,14,12,7
991,6,5,24,34
992,11,13,17,17
993,20,26,10,10
994,5,8,39,41
995,14,16,25,22
996,25,18,24,29
997,40,28,1,4
998,27,20,10,6
999,17,19,11,8
1000,7,9,32,35
1001,23,16,7,6
1002,2,5,44,43
1003,8,13,24,29
1004,32,23,6,10
1005,12,9,27,31
1006,15,14,23,21
1007,6,7,34,33
1008,11,18,25,21
1009,22,25,8,8
1010,13,16,26,33
1011,4,7,31,41
1012,21,21,9,12
1013,8,7,24,35
1014,27,28,5,4
1015,20,18,17,20
1016,12,10,24,28
1017,29,18,7,4
1018,19,19,23,18
1019,28,16,10,16
1020,4,7,38,42
1021,24,23,11,4
1022,21,17,9,10
1023,8,7,36,24
1024,17,18,25,24
1025,1,2,33,34
1026,3,6,30,33
1027,32,26,6,7
1028,11,10,22,24
1029,27,22,6,11
1030,27,27,6,3
1031,13,16,18,17
1032,1,5,43,41
1033,18,18,9,12
1034,18,16,15,12
1035,15,18,25,16
1036,7,4,30,41
1037,17,24,9,3
1038,11,17,24,29
1039,21,13,14,14
1040,22,25,10,3
1041,20,22,5,3
1042,22,20,14,19
1043,4,2,34,34
1044,2,1,39,41
1045,22,25,9,6
1046,6,6,31,21
1047,25,23,1,5
1048,21,20,16,9
1049,23,26,9,10
1050,11,10,24,28
1051,2,5,36,41
1052,1,4,31,25
1053,28,24,6,6
1054,7,8,25,51
1055,7,7,31,36
1056,8,6,26,33
1057,19,18,11,7
1058,6,11,31,39
1059,10,19,15,18
1060,11,12,22,22
1061,14,13,17,22
1062,6,11,22,12
1063,9,14,26,30
1064,2,4,34,41
1065,7,10,28,38
1066,11,10,31,29
1067,24,13,10,8
1068,26,26,18,12
1069,8,5,34,36
1070,4,4,33,46
1071,20,24,9,10
1072,19,18,22,21
1073,10,16,22,27
1074,20,17,7,7
1075,5,6,33,36
1076,8,8,32,33
1077,3,6,40,40
1078,14,17,22,22
1079,5,4,46,37
1080,16,15,17,5
1081,10,19,23,26
1082,23,26,13,7
1083,5,9,38,39
1084,15,22,7,5
1085,26,22,7,5
1086,27,15,20,29
1087,20,18,15,12
1088,27,24,11,9
1089,25,28,10,6
1090,22,21,21,16
1091,17,19,13,11
1092,8,7,23,39
1093,4,8,34,33
1094,12,13,23,30
1095,9,16,28,26
1096,12,15,29,37
1097,9,7,26,25
1098,19,18,18,12
1099,6,1,32,40
1100,21,14,13,10
1101,14,16,23,15
1102,31,26,3,1
1103,10,10,19,29
1104,13,16,27,23
1105,9,10,26,30
1106,12,16,10,9
1107,13,12,24,23
1108,26,23,9,15
1109,18,27,7,2
1110,23,19,9,7
1111,29,18,9,15
1112,8,10,23,26
1113,18,13,21,19
1114,19,20,13,10
1115,17,15,14,12
1116,17,16,32,21
1117,30,19,4,4
1118,22,24,7,3
1119,5,7,35,41
1120,14,7,22,31
1121,26,21,8,7
1122,21,24,4,4
1123,9,14,17,38
1124,23,16,10,17
1125,6,9,33,28
1126,21,20,5,6
1127,21,22,22,16
1128,28,25,9,4
1129,12,17,18,13
1130,17,17,11,9
1131,11,14,7,9
1132,28,23,7,6
1133,6,7,33,32
1134,10,4,30,29
1135,32,26,6,6
1136,21,16,17,11
1137,1,3,40,40
1138,24,20,7,8
1139,7,6,24,25
1140,24,26,12,9
1141,5,3,33,40
1142,10,11,34,40
1143,22,24,13,19
1144,8,8,39,44
1145,29,26,8,6
1146,9,6,35,31
1147,7,3,32,34
1148,21,15,15,10
1149,23,25,8,6
1150,37,22,10,11
1151,25,29,13,9
1152,19,20,20,12
1153,8,10,23,32
1154,20,17,5,9
1155,5,8,34,26
1156,21,20,14,10
1157,18,18,18,17
1158,24,26,17,4
1159,20,19,12,7
1160,11,9,21,27
1161,7,8,35,36
1162,17,13,9,16
1163,15,13,25,25
1164,30,23,6,6
1165,2,5,31,48
1166,27,14,15,9
1167,10,12,37,30
1168,8,7,32,39
1169,21,17,28,28
1170,4,6,40,29
1171,9,3,36,37
1172,16,10,26,17
1173,22,28,9,9
1174,26,27,8,8
1175,19,19,31,22
1176,5,12,31,29
1177,28,25,13,8
1178,13,13,20,21
1179,5,3,45,48
1180,20,18,20,15
1181,19,19,25,14
1182,14,12,20,17
1183,6,7,30,30
1184,10,8,29,36
1185,24,22,11,7
1186,12,14,21,33
1187,24,18,16,19
1188,22,18,9,14
1189,13,13,23,22
1190,19,17,12,12
1191,18,18,30,32
1192,15,11,19,29
1193,29,21,11,7
1194,16,17,20,28
1195,16,15,26,23
1196,7,6,28,39
1197,18,19,17,24
1198,7,7,30,22
1199,3,8,38,34
1200,15,15,13,15
1201,14,14,20,17
1202,10,13,27,29
1203,28,23,7,9
1204,11,9,33,28
1205,4,5,45,28
1206,10,9,36,48
1207,14,19,20,23
1208,31,25,9,8
1209,24,19,8,7
1210,24,19,14,7
1211,3,2,36,42
1212,26,24,7,11
1213,21,23,7,8
1214,16,12,15,19
1215,5,5,31,20
1216,15,14,16,18
1217,9,4,29,35
1218,23,22,6,8
1219,14,17,14,9
1220,23,23,17,11
1221,20,15,7,9
1222,24,25,6,7
1223,12,14,25,28
1224,9,10,25,22
1225,1,9,43,38
1226,8,20,26,20
1227,6,7,35,33
1228,26,19,16,17
1229,16,15,27,17
1230,10,8,28,36
1231,33,25,8,5
1232,12,10,18,26
1233,8,10,40,32
1234,16,19,18,8
1235,26,21,6,10
1236,19,20,7,17
1237,12,13,17,18
1238,33,28,9,7
1239,11,11,28,25
1240,15,19,13,8
1241,21,14,23,17
1242,25,23,13,8
1243,32,25,9,6
1244,13,9,29,23
1245,8,4,38,52
1246,24,22,11,9
1247,17,16,7,7
1248,23,19,15,23
1249,17,17,27,26
1250,2,5,41,42
1251,16,10,25,17
1252,24,22,11,9
1253,13,14,32,14
1254,13,16,19,7
1255,19,9,14,12
1256,23,21,9,5
1257,11,12,22,25
1258,16,18,14,15
1259,17,16,21,22
1260,5,2,39,29
1261,23,25,12,9
1262,23,29,9,10
1263,26,26,13,8
1264,18,13,14,12
1265,31,29,8,2
1266,21,16,20,27
1267,9,5,36,45
1268,18,21,15,9
1269,6,7,26,41
1270,15,18,23,28
1271,11,13,29,27
1272,10,6,21,23
1273,10,10,28,40
1274,14,15,30,18
1275,28,20,16,25
1276,12,14,18,20
1277,11,16,17,14
1278,21,25,10,5
1279,19,13,27,26
1280,2,2,36,50
1281,19,17,27,20
1282,8,21,23,25
1283,22,25,18,15
1284,12,12,27,21
1285,14,12,26,29
1286,7,4,21,32
1287,20,19,8,9
1288,15,19,37,28
1289,22,24,7,11
1290,11,11,30,24
1291,16,13,16,21
1292,12,16,16,11
1293,7,9,19,43
1294,2,4,35,36
1295,15,13,24,24
1296,7,3,33,57
1297,7,9,36,35
1298,6,7,34,30
1299,2,8,39,44
1300,5,4,33,41
1301,22,16,13,13
1302,26,25,15,9
1303,5,8,26,40
1304,32,24,7,8
1305,22,15,24,27
1306,11,15,25,17
1307,13,23,12,6
1308,26,20,7,11
1309,21,28,9,5
1310,20,22,17,13
1311,11,16,39,29
1312,8,10,26,33
1313,14,19,22,24
1314,7,2,36,41
1315,17,15,17,13
1316,5,4,42,44
1317,5,9,40,38
1318,23,13,4,9
1319,26,13,21,12
1320,15,13,16,28
1321,7,14,24,18
1322,20,19,8,6
1323,16,13,7,5
1324,37,27,10,3
1325,12,19,32,18
1326,18,10,21,28
1327,9,10,28,24
1328,16,23,10,17
1329,18,13,15,13
1330,14,13,18,16
1331,10,12,34,29
1332,26,21,7,15
1333,0,3,46,50
1334,23,12,9,22
1335,5,9,46,39
1336,11,15,23,17
1337,3,5,43,44
1338,24,17,6,6
1339,11,9,28,26
1340,27,29,6,7
1341,11,9,22,46
1342,9,7,31,32
1343,8,10,34,34
1344,4,7,27,36
1345,9,9,38,39
1346,21,18,12,8
1347,24,18,19,15
1348,12,17,16,14
1349,24,17,8,10
1350,19,16,16,16
1351,19,18,33,25
1352,35,28,3,6
1353,22,16,7,15
1354,17,23,10,6
1355,15,11,20,24
1356,27,18,6,5
1357,17,18,23,16
1358,29,22,8,17
1359,1,3,45,31
1360,15,16,27,14
1361,21,17,9,9
1362,16,15,12,10
1363,17,19,29,22
1364,15,13,13,13
1365,17,18,9,6
1366,24,19,10,7
1367,5,8,39,28
1368,22,20,12,9
1369,12,11,27,28
1370,8,10,28,34
1371,4,4,41,40
1372,22,18,12,10
1373,17,8,21,25
1374,15,18,14,11
1375,6,8,32,38
1376,5,4,41,32
1377,10,12,24,18
1378,8,7,32,41
1379,18,13,29,25
1380,30,24,9,7
1381,19,9,22,26
1382,14,14,28,27
1383,19,13,12,8
1384,25,23,3,9
1385,28,21,15,12
1386,16,16,24,26
1387,3,5,34,25
1388,12,12,23,34
1389,12,19,27,22
1390,29,24,8,6
1391,24,28,5,8
1392,1,4,41,40
1393,8,10,36,49
1394,3,8,33,37
1395,16,12,25,25
1396,2,3,45,33
1397,19,18,17,11
1398,26,22,4,9
1399,22,14,10,15
1400,4,2,41,37
1401,30,20,8,7
1402,10,10,14,12
1403,16,15,25,27
1404,25,24,2,7
1405,14,8,19,27
1406,15,14,18,15
1407,23,21,9,7
1408,8,7,32,36
1409,3,7,28,34
1410,9,6,27,32
1411,5,4,38,34
1412,27,21,6,11
1413,5,10,44,44
1414,22,22,23,16
1415,9,8,36,34
1416,23,20,6,4
1417,31,25,9,3
1418,25,21,17,9
1419,6,5,34,33
1420,12,17,8,7
1421,6,2,40,32
1422,14,17,19,21
1423,20,17,12,13
1424,4,5,36,42
1425,20,24,6,5
1426,24,20,14,21
1427,8,7,30,24
1428,10,10,40,39
1429,9,7,28,41
1430,13,8,27,34
1431,6,6,35,44
1432,21,18,21,29
1433,7,4,47,31
1434,23,25,5,10
1435,9,10,30,36
1436,1,7,42,48
1437,4,8,32,31
1438,5,8,40,35
1439,23,23,2,8
1440,25,21,25,19
1441,8,8,35,38
1442,22,16,12,14
1443,8,6,36,39
1444,28,30,5,2
1445,11,14,16,15
1446,27,14,2,14
1447,14,15,14,25
1448,12,16,26,28
1449,31,17,5,6
1450,23,15,8,9
1451,21,26,10,7
1452,8,15,15,21
1453,14,17,17,13
1454,13,16,30,13
1455,23,19,23,25
1456,4,2,40,37
1457,26,21,10,6
1458,5,7,20,37
1459,13,8,34,26
1460,6,6,25,31
1461,25,28,12,5
1462,16,15,23,18
1463,2,5,45,42
1464,37,28,9,7
1465,1,3,38,56
1466,10,10,32,33
1467,11,11,26,22
1468,10,3,27,30
1469,23,19,17,6
1470,10,13,20,28
1471,32,20,3,5
1472,7,3,36,41
1473,17,12,20,20
1474,19,16,12,14
1475,2,5,38,36
1476,20,20,11,12
1477,5,13,33,33
1478,8,6,35,36
1479,14,19,15,10
1480,3,9,31,35
1481,13,16,25,28
1482,4,7,42,42
1483,13,10,25,17
1484,10,5,24,34
1485,9,15,27,30
1486,5,4,37,28
1487,25,20,7,5
1488,6,11,17,42
1489,10,3,44,44
1490,15,11,23,21
1491,15,19,15,11
1492,9,10,32,34
1493,14,11,19,26
1494,21,25,6,11
1495,12,8,12,36
1496,27,24,5,9
1497,26,25,17,8
1498,6,5,34,28
1499,17,15,26,26
1500,18,16,15,17
1501,15,17,21,17
1502,1,3,41,34
1503,28,23,5,7
1504,25,23,8,6
1505,12,6,41,41
1506,23,16,5,6
1507,17,19,10,7
1508,22,18,8,6
1509,25,21,29,24
1510,9,8,30,29
1511,25,22,15,15
1512,3,11,26,24
1513,6,9,41,38
1514,23,20,10,6
1515,27,18,10,11
1516,3,4,41,42
1517,23,9,8,13
1518,7,10,17,34
1519,28,21,6,5
1520,21,22,17,8
1521,15,17,14,12
1522,10,14,21,7
1523,24,20,12,10
1524,17,16,20,23
1525,19,23,14,8
1526,23,19,12,12
1527,3,8,37,44
1528,20,19,7,2
1529,24,24,6,4
1530,20,22,12,18
1531,3,7,34,35
1532,5,5,33,46
1533,3,4,38,38
1534,22,20,6,6
1535,19,24,17,13
1536,17,12,20,25
1537,26,26,9,5
1538,22,25,7,10
1539,19,21,10,19
1540,3,6,35,43
1541,10,14,18,20
1542,24,30,6,4
1543,4,7,44,40
1544,4,6,37,33
1545,4,2,50,43
1546,5,7,34,29
1547,8,11,35,35
1548,12,10,39,38
1549,25,21,6,8
1550,14,10,35,17
1551,10,15,25,25
1552,15,14,28,25
1553,18,22,17,16
1554,7,12,25,41
1555,24,22,23,11
1556,21,17,24,27
1557,4,10,31,29
1558,4,13,31,28
1559,11,8,27,34
1560,9,5,33,40
1561,12,12,28,25
1562,9,9,23,26
1563,18,26,13,4
1564,8,14,34,25
1565,28,17,25,29
1566,0,6,35,29
1567,13,14,37,28
1568,14,15,25,20
1569,8,6,21,31
1570,26,25,14,10
1571,6,4,39,33
1572,16,19,6,5
1573,18,15,29,31
1574,3,4,34,30
1575,18,26,13,3
1576,22,19,23,15
1577,29,26,8,6
1578,13,13,31,33
1579,5,6,37,28
1580,15,19,12,3
1581,31,27,10,7
1582,9,11,28,22
1583,25,20,19,16
1584,20,20,7,8
1585,16,19,21,24
1586,11,13,26,33
1587,29,26,2,4
1588,2,7,43,38
1589,19,17,12,17
1590,6,7,32,37
1591,26,19,9,6
1592,2,8,34,39
1593,12,9,28,24
1594,9,10,26,32
1595,15,22,13,15
1596,4,7,34,28
1597,23,19,10,12
1598,1,3,32,38
1599,13,9,31,31
1600,7,8,28,31
1601,11,10,27,35
1602,24,24,11,7
1603,21,20,15,7
1604,9,8,23,19
1605,7,9,25,42
1606,16,16,20,11
1607,14,16,16,26
1608,19,15,9,11
1609,14,13,30,25
1610,21,21,3,4
1611,29,24,3,7
1612,34,20,15,13
1613,24,22,10,8
1614,22,10,10,12
1615,15,14,22,16
1616,9,4,37,37
1617,16,19,9,9
1618,25,19,6,7
1619,24,20,6,3
1620,6,2,40,36
1621,8,5,31,27
1622,24,18,10,8
1623,10,7,33,44
1624,4,4,38,46
1625,21,18,13,14
1626,8,9,34,38
1627,6,7,41,34
1628,15,9,25,37
1629,4,1,35,55
1630,14,13,32,21
1631,15,17,36,34
1632,32,23,5,9
1633,12,5,30,40
1634,7,4,32,59
1635,16,22,7,8
1636,11,6,30,35
1637,6,7,33,49
1638,14,7,30,32
1639,2,6,41,34
1640,5,8,34,30
1641,14,9,22,27
1642,12,13,19,16
1643,19,24,7,9
1644,3,1,34,48
1645,37,27,6,1
1646,19,20,16,16
1647,19,17,10,11
1648,27,24,10,9
1649,18,11,7,9
1650,6,7,33,27
1651,22,14,8,11
1652,29,24,5,5
1653,6,8,40,37
1654,11,8,27,35
1655,34,24,11,9
1656,5,10,47,48
1657,11,9,29,21
1658,9,9,30,43
1659,18,18,17,14
1660,25,16,15,13
1661,1,3,29,33
1662,23,13,5,12
1663,20,26,7,4
1664,6,4,31,30
1665,27,20,12,14
1666,33,22,3,6
1667,15,23,12,9
1668,18,21,13,8
1669,20,15,24,28
1670,16,14,18,17
1671,3,9,27,35
1672,17,23,15,12
1673,3,10,30,27
1674,5,3,30,40
1675,27,29,11,2
1676,7,13,32,27
1677,7,7,27,36
1678,6,5,34,43
1679,30,19,8,5
1680,8,9,34,32
1681,30,21,14,14
1682,6,10,32,32
1683,16,17,27,30
1684,2,4,34,51
1685,19,19,9,7
1686,23,17,23,17
1687,11,8,36,49
1688,10,10,30,29
1689,18,15,25,29
1690,29,24,9,5
1691,8,5,32,34
1692,16,19,20,15
1693,24,21,7,7
1694,31,17,10,12
1695,10,11,24,30
1696,14,10,27,30
1697,8,8,21,16
1698,7,6,47,46
1699,21,17,21,22
1700,8,7,28,15
1701,21,27,8,7
1702,16,19,18,27
1703,10,12,23,18
1704,18,15,18,13
1705,15,19,18,23
1706,14,22,13,6
1707,22,23,8,11
1708,3,8,36,40
1709,13,14,26,23
1710,20,20,14,16
1711,8,10,26,40
1712,8,6,34,34
1713,33,25,15,6
1714,5,8,33,31
1715,4,6,33,28
1716,3,4,35,32
1717,18,14,20,26
1718,28,23,9,8
1719,3,9,38,45
1720,21,12,11,19
1721,22,17,10,10
1722,29,20,8,15
1723,27,25,4,9
1724,31,25,11,2
1725,11,6,34,36
1726,5,8,31,27
1727,15,14,29,25
1728,18,15,23,20
1729,4,7,33,38
1730,3,6,38,37
1731,8,6,25,29
1732,20,20,11,7
1733,20,18,14,14
1734,22,25,14,10
1735,18,10,16,9
1736,24,26,8,5
1737,25,16,6,12
1738,24,19,13,15
1739,9,4,35,39
1740,15,18,6,6
1741,23,23,12,6
1742,5,5,47,45
1743,16,19,6,10
1744,8,3,21,31
1745,8,15,18,10
1746,28,24,5,5
1747,15,12,12,12
1748,17,17,16,11
1749,7,12,28,24
1750,29,18,6,9
1751,10,10,25,32
1752,7,20,28,19
1753,19,14,15,15
1754,8,7,36,23
1755,14,7,23,30
1756,22,17,23,16
1757,25,17,12,13
1758,17,15,30,22
1759,6,14,16,13
1760,11,11,22,37
1761,17,14,14,8
1762,1,3,27,41
1763,5,5,47,40
1764,7,4,33,28
1765,20,19,14,8
1766,9,2,31,42
1767,26,23,7,8
1768,5,12,35,23
1769,18,17,21,23
1770,24,16,13,19
1771,9,6,34,35
1772,20,20,9,9
1773,14,5,27,26
1774,16,19,25,23
1775,17,16,14,13
1776,14,17,15,12
1777,18,16,18,19
1778,11,12,28,27
1779,3,5,36,47
1780,8,6,27,38
1781,19,12,25,28
1782,11,18,28,23
1783,18,22,17,18
1784,18,19,20,19
1785,25,20,16,13
1786,21,24,11,3
1787,7,6,36,26
1788,20,24,10,1
1789,16,9,30,18
1790,18,18,11,15
1791,13,10,36,31
1792,29,27,7,3
1793,19,11,24,22
1794,14,16,25,15
1795,9,9,19,38
1796,4,13,35,40
1797,21,25,6,4
1798,8,10,35,32
1799,17,19,22,22
1800,28,17,12,24
1801,18,19,11,12
1802,18,19,12,12
1803,26,25,8,13
1804,12,10,35,35
1805,7,8,32,35
1806,7,12,34,32
1807,14,9,20,26
1808,27,17,15,12
1809,22,16,17,30
1810,13,8,22,29
1811,18,18,18,12
1812,22,23,10,7
1813,13,19,21,19
1814,15,16,9,8
1815,22,26,8,7
1816,31,22,8,9
1817,8,5,34,49
1818,17,17,24,22
1819,2,6,35,42
1820,6,8,34,25
1821,25,25,12,5
1822,24,24,8,8
1823,18,18,14,5
1824,9,4,31,36
1825,9,5,34,35
1826,18,23,27,20
1827,9,5,30,28
1828,19,19,9,4
1829,28,18,15,18
1830,24,23,15,16
1831,18,21,16,9
1832,13,14,21,30
1833,5,6,25,30
1834,24,26,9,4
1835,5,13,34,32
1836,25,21,3,7
1837,25,25,11,8
1838,8,13,32,35
1839,23,17,10,9
1840,22,20,5,10
1841,31,22,8,5
1842,18,21,13,19
1843,16,15,24,20
1844,2,6,46,43
1845,27,20,12,8
1846,10,5,37,39
1847,5,7,41,29
1848,25,18,16,17
1849,18,17,18,15
1850,3,6,33,29
1851,31,24,18,10
1852,27,21,8,9
1853,26,28,8,2
1854,9,9,28,28
1855,2,1,35,50
1856,12,8,34,38
1857,8,11,21,21
1858,16,20,7,7
1859,22,18,14,12
1860,24,19,15,11
1861,9,14,16,20
1862,5,1,30,47
1863,6,4,42,32
1864,5,4,26,31
1865,13,16,26,20
1866,5,7,35,20
1867,2,7,33,36
1868,3,3,36,43
1869,14,19,16,12
1870,20,21,15,20
1871,5,4,31,31
1872,4,4,43,35
1873,18,16,25,16
1874,15,7,18,20
1875,15,16,12,16
1876,7,8,33,36
1877,17,15,16,11
1878,13,13,14,13
1879,4,2,29,45
1880,12,21,20,9
1881,12,22,10,21
1882,3,8,43,38
1883,25,15,17,21
1884,17,17,16,11
1885,16,11,18,27
1886,9,8,47,43
1887,23,15,18,16
1888,34,22,6,5
1889,18,16,14,8
1890,23,21,13,12
1891,16,25,25,11
1892,28,17,9,7
1893,22,13,17,20
1894,8,14,29,33
1895,30,24,10,11
1896,19,20,10,10
1897,17,16,6,9
1898,12,8,20,18
1899,21,21,11,13
1900,13,14,13,25
1901,14,13,26,30
1902,28,20,4,4
1903,5,4,37,39
1904,23,19,17,19
1905,21,17,9,6
1906,4,12,31,28
1907,17,17,23,23
1908,13,8,28,30
1909,3,6,34,40
1910,26,25,12,5
1911,19,16,9,10
1912,33,23,11,6
1913,20,15,6,4
1914,22,15,6,6
1915,18,15,15,22
1916,14,9,31,26
1917,28,18,2,8
1918,15,17,19,19
1919,17,23,12,10
1920,27,25,6,4
1921,5,10,40,23
1922,9,6,27,27
1923,19,14,15,15
1924,6,9,34,26
1925,14,11,27,37
1926,19,22,8,10
1927,3,6,29,21
1928,15,15,18,33
1929,26,23,8,2
1930,29,23,15,6
1931,8,7,28,28
1932,32,25,7,4
1933,10,9,26,27
1934,25,22,10,5
1935,19,18,29,25
1936,11,8,31,35
1937,16,21,11,11
1938,28,17,7,9
1939,1,3,37,31
1940,19,18,6,5
1941,24,23,6,2
1942,13,11,29,33
1943,23,17,13,11
1944,16,23,13,12
1945,19,23,10,7
1946,21,17,16,22
1947,21,15,19,11
1948,7,9,26,44
1949,24,27,9,3
1950,10,15,26,24
1951,16,18,14,13
1952,20,12,28,34
1953,21,26,9,8
1954,23,22,13,8
1955,18,13,34,18
1956,21,15,25,24
1957,16,14,19,14
1958,13,17,16,23
1959,22,16,9,16
1960,17,21,17,11
1961,23,20,7,14
1962,3,3,41,43
1963,20,17,14,11
1964,31,28,7,2
1965,28,25,7,4
1966,11,6,32,37
1967,22,11,5,12
1968,6,7,32,26
1969,16,18,13,12
1970,25,29,4,0
1971,12,11,27,22
1972,5,8,37,36
1973,14,13,24,23
1974,21,17,8,11
1975,11,9,21,29
1976,21,14,14,16
1977,18,14,14,13
1978,17,11,22,21
1979,4,4,34,37
1980,6,4,47,38
1981,14,18,11,9
1982,20,21,16,11
1983,6,5,42,29
1984,27,27,5,4
1985,3,2,36,37
1986,3,2,40,53
1987,5,7,24,33
1988,7,2,38,39
1989,18,18,21,20
1990,27,15,9,6
1991,30,23,6,4
1992,3,4,29,37
1993,30,18,10,4
1994,18,19,11,11
1995,6,12,37,42
1996,25,21,5,3
1997,19,16,18,25
1998,12,10,29,26
1999,19,12,18,19
2000,21,10,22,27
2001,10,9,31,26
2002,12,9,28,28
2003,6,6,40,46
2004,10,7,39,26
2005,3,8,38,34
2006,23,27,6,6
2007,16,10,16,22
2008,14,8,27,39
2009,23,19,15,15
2010,1,2,33,42
2011,13,16,21,31
2012,12,11,32,32
2013,33,21,8,7
2014,19,25,10,5
2015,8,15,32,28
2016,21,19,27,21
2017,24,26,7,2
2018,24,21,10,15
2019,25,26,9,4
2020,22,24,8,3
2021,19,20,21,18
2022,32,25,9,6
2023,17,18,14,16
2024,7,5,30,32
2025,20,13,14,9
2026,3,10,28,32
2027,30,24,0,3
2028,26,24,15,10
2029,29,27,9,10
2030,11,14,30,24
2031,24,17,16,10
2032,15,14,20,18
2033,28,23,9,7
2034,3,4,42,34
2035,7,8,28,26
2036,26,17,9,10
2037,20,16,18,20
2038,7,4,26,26
2039,9,4,33,34
2040,20,17,16,8
2041,9,12,28,31
2042,19,23,20,6
2043,10,12,32,24
2044,6,12,35,34
2045,10,9,25,19
2046,23,22,11,8
2047,23,15,12,18
